File ID	File Name	Data Category	Data Type	Project ID	Case ID	Sample ID	Sample Type
9b23f8cb-6b59-4040-b7c8-ba4fa08eba55	466776cb-6906-4da2-b788-a05a154decf3.mirbase21.mirnas.quantification.txt	Transcriptome Profiling	miRNA Expression Quantification	TCGA-LIHC	TCGA-DD-A118	TCGA-DD-A118-01A	Primary Tumor
eb499dad-54ad-4d48-986c-3b17507ff9ba	e4c90512-0e06-4517-95fe-c10b999f5f81.mirbase21.mirnas.quantification.txt	Transcriptome Profiling	miRNA Expression Quantification	TCGA-LIHC	TCGA-K7-A5RF	TCGA-K7-A5RF-01A	Primary Tumor
8b4df93e-b97a-4f72-8e9f-2ed5193721b0	61ec8919-8b12-43d7-b127-8b68a66bd033.mirbase21.mirnas.quantification.txt	Transcriptome Profiling	miRNA Expression Quantification	TCGA-LIHC	TCGA-DD-A11A	TCGA-DD-A11A-01A	Primary Tumor
3191d8e3-0358-4c21-a4db-2b20f6cdd0aa	a96f2f6c-38e0-453c-961d-aa83b92652da.mirbase21.mirnas.quantification.txt	Transcriptome Profiling	miRNA Expression Quantification	TCGA-LIHC	TCGA-XR-A8TD	TCGA-XR-A8TD-01A	Primary Tumor
dd2af6c0-87a7-460d-a680-9d2ff784d42c	9c644f65-0ebb-4862-98a9-308b81c8fb26.mirbase21.mirnas.quantification.txt	Transcriptome Profiling	miRNA Expression Quantification	TCGA-LIHC	TCGA-G3-AAV5	TCGA-G3-AAV5-01A	Primary Tumor
0032767c-7bed-4c57-8066-860d956dcc67	e468d0ba-a361-49de-b6a5-c32f9e255bd4.mirbase21.mirnas.quantification.txt	Transcriptome Profiling	miRNA Expression Quantification	TCGA-LIHC	TCGA-KR-A7K2	TCGA-KR-A7K2-01A	Primary Tumor
517095c1-a30d-4582-9f41-fcb9ddd251e1	f7f8c1ac-96cb-49bf-a485-dc8404105191.mirbase21.mirnas.quantification.txt	Transcriptome Profiling	miRNA Expression Quantification	TCGA-LIHC	TCGA-CC-A7IL	TCGA-CC-A7IL-01A	Primary Tumor
1e78c8a5-aed7-4cf7-8c99-ba2220053948	7bb700da-edf4-4831-80ef-8d252f590257.mirbase21.mirnas.quantification.txt	Transcriptome Profiling	miRNA Expression Quantification	TCGA-LIHC	TCGA-BC-A10R	TCGA-BC-A10R-11A	Solid Tissue Normal
963ea266-2577-425f-b47d-168d6c8d7c72	820f4603-0895-4741-865c-fdd98fbcb4fb.mirbase21.mirnas.quantification.txt	Transcriptome Profiling	miRNA Expression Quantification	TCGA-LIHC	TCGA-DD-AAVX	TCGA-DD-AAVX-01A	Primary Tumor
297b6213-92d1-4853-9621-160b3f10387b	03a67e6e-2788-4676-8f8d-fd4b4a2ab207.mirbase21.mirnas.quantification.txt	Transcriptome Profiling	miRNA Expression Quantification	TCGA-LIHC	TCGA-CC-A3MA	TCGA-CC-A3MA-01A	Primary Tumor
63a89375-dd68-4f93-8d36-71d9a3ffcd33	26933338-7154-4889-bb42-adec893736bd.mirbase21.mirnas.quantification.txt	Transcriptome Profiling	miRNA Expression Quantification	TCGA-LIHC	TCGA-RC-A6M6	TCGA-RC-A6M6-01A	Primary Tumor
6d027178-09d7-4dbb-9dee-0a8fa6f29156	c95f61b8-74f7-4561-b930-2e41dbc5a7d0.mirbase21.mirnas.quantification.txt	Transcriptome Profiling	miRNA Expression Quantification	TCGA-LIHC	TCGA-DD-AADS	TCGA-DD-AADS-01A	Primary Tumor
be701183-6b9f-44eb-b83a-6372b2b50054	26ed5a27-73f0-441f-bb31-f61d80ca1d51.mirbase21.mirnas.quantification.txt	Transcriptome Profiling	miRNA Expression Quantification	TCGA-LIHC	TCGA-DD-A39X	TCGA-DD-A39X-11A	Solid Tissue Normal
56fcca8f-339f-4f81-8157-7b5d3d5b753a	de0f9891-174c-4b34-a73a-d91b614d7703.mirbase21.mirnas.quantification.txt	Transcriptome Profiling	miRNA Expression Quantification	TCGA-LIHC	TCGA-G3-A25X	TCGA-G3-A25X-01A	Primary Tumor
52ee7d1f-779d-435f-b1fb-85462a8fb849	8c7295bb-90cf-4fb3-a177-9f119a251021.mirbase21.mirnas.quantification.txt	Transcriptome Profiling	miRNA Expression Quantification	TCGA-LIHC	TCGA-G3-AAV6	TCGA-G3-AAV6-01A	Primary Tumor
bfbcd966-1e96-467e-a8c5-436ce45ba9b4	03143e09-b5e5-4cea-bb79-6f016da1fe3a.mirbase21.mirnas.quantification.txt	Transcriptome Profiling	miRNA Expression Quantification	TCGA-LIHC	TCGA-DD-AAD0	TCGA-DD-AAD0-01A	Primary Tumor
593d4a08-a05e-42c8-9440-4176fbf177fe	455502e4-9e9b-48b5-a6be-1a722de47909.mirbase21.mirnas.quantification.txt	Transcriptome Profiling	miRNA Expression Quantification	TCGA-LIHC	TCGA-2Y-A9H4	TCGA-2Y-A9H4-01A	Primary Tumor
1456ab29-8dd8-41c4-a09b-46de3a02ca15	c7339bf1-f0bc-45a6-a623-2c593268008a.mirbase21.mirnas.quantification.txt	Transcriptome Profiling	miRNA Expression Quantification	TCGA-LIHC	TCGA-DD-A1EE	TCGA-DD-A1EE-11A	Solid Tissue Normal
5e53c882-df7b-4fb7-9c56-1b9882f70276	a274e7d2-8690-4ada-812e-aa34b5193c1f.mirbase21.mirnas.quantification.txt	Transcriptome Profiling	miRNA Expression Quantification	TCGA-LIHC	TCGA-DD-AAC9	TCGA-DD-AAC9-01A	Primary Tumor
6564f6a0-1d07-4970-8eec-7164b674e052	dd7dac70-c361-4516-b162-c05fe2e30e75.mirbase21.mirnas.quantification.txt	Transcriptome Profiling	miRNA Expression Quantification	TCGA-LIHC	TCGA-DD-A11C	TCGA-DD-A11C-01A	Primary Tumor
aba11ffa-20d8-44d0-b04c-c4b8680099c9	bbd7a051-b040-4622-8a3b-d4a139a4d1da.mirbase21.mirnas.quantification.txt	Transcriptome Profiling	miRNA Expression Quantification	TCGA-LIHC	TCGA-O8-A75V	TCGA-O8-A75V-01A	Primary Tumor
3c31123c-895d-4c1a-89b5-bc3185beaf72	487a666a-91a5-4865-96fa-bca3391b5ed7.mirbase21.mirnas.quantification.txt	Transcriptome Profiling	miRNA Expression Quantification	TCGA-LIHC	TCGA-DD-AAVU	TCGA-DD-AAVU-01A	Primary Tumor
0b74f41b-1771-4f42-8181-ca6fc7686b5c	6bee6719-9ee9-4561-8c59-1667f2632d52.mirbase21.mirnas.quantification.txt	Transcriptome Profiling	miRNA Expression Quantification	TCGA-LIHC	TCGA-DD-AACW	TCGA-DD-AACW-01A	Primary Tumor
cb351a12-c97b-4432-aca7-2cc9186b7fc1	bbb9946b-cdb3-4baf-b6d8-4de40280dfe9.mirbase21.mirnas.quantification.txt	Transcriptome Profiling	miRNA Expression Quantification	TCGA-LIHC	TCGA-DD-AACZ	TCGA-DD-AACZ-01A	Primary Tumor
ce2c761e-1126-4e33-8d1c-86e54c33fdf7	c36c20f6-3a1f-485f-93d1-fef32590367f.mirbase21.mirnas.quantification.txt	Transcriptome Profiling	miRNA Expression Quantification	TCGA-LIHC	TCGA-DD-AAE6	TCGA-DD-AAE6-01A	Primary Tumor
9a1850a4-7050-4c64-8d3d-50d040cb7c89	bb405508-0f6a-4353-8c87-887be99855d5.mirbase21.mirnas.quantification.txt	Transcriptome Profiling	miRNA Expression Quantification	TCGA-LIHC	TCGA-DD-AACN	TCGA-DD-AACN-01A	Primary Tumor
d98ec29f-0a0d-4509-9184-dee01d524b9b	2adb35ac-1ec2-45c9-837a-efc4eb7595be.mirbase21.mirnas.quantification.txt	Transcriptome Profiling	miRNA Expression Quantification	TCGA-LIHC	TCGA-ZS-A9CD	TCGA-ZS-A9CD-01A	Primary Tumor
ee4ee8ad-c943-4143-8ed6-b2ab8d555f0f	cc0bf161-b962-4988-b921-6f5d6725702c.mirbase21.mirnas.quantification.txt	Transcriptome Profiling	miRNA Expression Quantification	TCGA-LIHC	TCGA-CC-A9FS	TCGA-CC-A9FS-01A	Primary Tumor
33baf738-4df4-44e5-9386-920d3ae625c2	a5b64d9b-e61c-43a9-a501-b56426bf2082.mirbase21.mirnas.quantification.txt	Transcriptome Profiling	miRNA Expression Quantification	TCGA-LIHC	TCGA-ZP-A9D0	TCGA-ZP-A9D0-01A	Primary Tumor
9a7a5f6e-5b59-48d4-8ad6-608ddd5e739e	8c8e40d1-f62f-4d9d-9435-ef0bc4fcd64e.mirbase21.mirnas.quantification.txt	Transcriptome Profiling	miRNA Expression Quantification	TCGA-LIHC	TCGA-BC-A69I	TCGA-BC-A69I-01A	Primary Tumor
819a602e-61ad-4152-8039-10589008a100	4299f87c-507a-468d-86e4-37c3ca74cfc8.mirbase21.mirnas.quantification.txt	Transcriptome Profiling	miRNA Expression Quantification	TCGA-LIHC	TCGA-CC-A123	TCGA-CC-A123-01A	Primary Tumor
ce72231f-d84c-4b01-96fd-57031e02a8ce	19171014-6453-4d92-aa2d-5d08dfaf3b97.mirbase21.mirnas.quantification.txt	Transcriptome Profiling	miRNA Expression Quantification	TCGA-LIHC	TCGA-DD-A119	TCGA-DD-A119-01A	Primary Tumor
313c0dc6-2c2a-4fe9-8892-84ccefbf3933	33940733-3ad4-4d76-974e-82b216a415e7.mirbase21.mirnas.quantification.txt	Transcriptome Profiling	miRNA Expression Quantification	TCGA-LIHC	TCGA-DD-AADD	TCGA-DD-AADD-01A	Primary Tumor
a9285535-3585-44c3-b17c-7a2ae9bad99c	bdfd12a9-cc75-4714-ab33-1e784d07de50.mirbase21.mirnas.quantification.txt	Transcriptome Profiling	miRNA Expression Quantification	TCGA-LIHC	TCGA-DD-A3A9	TCGA-DD-A3A9-01A	Primary Tumor
fa5184ec-8a65-4bef-b503-4f739c88c40e	42bacae0-6c7d-4f8f-90b3-0c9a446c69d5.mirbase21.mirnas.quantification.txt	Transcriptome Profiling	miRNA Expression Quantification	TCGA-LIHC	TCGA-CC-A7IH	TCGA-CC-A7IH-01A	Primary Tumor
8e9eab49-87c7-4f8b-aac5-bd518bbe4026	abd0c7a6-54da-4fa7-bbef-c09b851b051f.mirbase21.mirnas.quantification.txt	Transcriptome Profiling	miRNA Expression Quantification	TCGA-LIHC	TCGA-EP-A3RK	TCGA-EP-A3RK-11A	Solid Tissue Normal
5fe11706-5d62-4fab-b2ad-fba73f3b7e5c	083f1b5b-2032-41e0-957f-1d9c57544459.mirbase21.mirnas.quantification.txt	Transcriptome Profiling	miRNA Expression Quantification	TCGA-LIHC	TCGA-XR-A8TF	TCGA-XR-A8TF-01A	Primary Tumor
c968f62e-7bc6-4f2b-b39c-5698e87f2a68	d3389e1d-e4c8-4980-aa36-a10ed6ce3da6.mirbase21.mirnas.quantification.txt	Transcriptome Profiling	miRNA Expression Quantification	TCGA-LIHC	TCGA-G3-A25U	TCGA-G3-A25U-01A	Primary Tumor
fa63ce14-b9b5-4041-9df7-3b86ba9ede16	fd25ab2b-b048-400c-bab5-38bf4a039640.mirbase21.mirnas.quantification.txt	Transcriptome Profiling	miRNA Expression Quantification	TCGA-LIHC	TCGA-DD-A1EA	TCGA-DD-A1EA-01A	Primary Tumor
8a7ddca9-54b3-4949-8f8c-5a107ccfd4cb	2f1713bc-4214-48c2-8ae5-f14c3862c469.mirbase21.mirnas.quantification.txt	Transcriptome Profiling	miRNA Expression Quantification	TCGA-LIHC	TCGA-DD-AACA	TCGA-DD-AACA-01A	Primary Tumor
450a3db7-c6e6-43ec-b6f3-d21e186cc02a	5f0183e5-bd0a-42fa-b2b3-c7097a135c13.mirbase21.mirnas.quantification.txt	Transcriptome Profiling	miRNA Expression Quantification	TCGA-LIHC	TCGA-DD-AADR	TCGA-DD-AADR-01A	Primary Tumor
b97c4e03-bd72-409f-9484-7e357e4aeeff	78bd6a83-4790-4e02-810d-f0ada082b4fa.mirbase21.mirnas.quantification.txt	Transcriptome Profiling	miRNA Expression Quantification	TCGA-LIHC	TCGA-DD-AADQ	TCGA-DD-AADQ-01A	Primary Tumor
b2c6f006-f9de-4917-83d3-03858b728fe3	982dd56f-fbe2-4ca5-8b6d-1028faec1872.mirbase21.mirnas.quantification.txt	Transcriptome Profiling	miRNA Expression Quantification	TCGA-LIHC	TCGA-LG-A9QD	TCGA-LG-A9QD-01A	Primary Tumor
bcbce124-d8d2-4795-a9a8-ebcff7d6154e	49eca4e4-2ada-42f4-838a-0cbf235807d2.mirbase21.mirnas.quantification.txt	Transcriptome Profiling	miRNA Expression Quantification	TCGA-LIHC	TCGA-DD-A1EE	TCGA-DD-A1EE-01A	Primary Tumor
1821cdf8-4bb9-4920-9f88-c3dc36e4132f	f1a9ddc7-d348-45e5-bb51-c0a27b94ed4e.mirbase21.mirnas.quantification.txt	Transcriptome Profiling	miRNA Expression Quantification	TCGA-LIHC	TCGA-DD-AAE7	TCGA-DD-AAE7-01A	Primary Tumor
24ab6eba-9099-4caa-bdd8-4660d8e549f5	a9a8e5af-cfdc-4ff3-8cff-28be61e254ac.mirbase21.mirnas.quantification.txt	Transcriptome Profiling	miRNA Expression Quantification	TCGA-LIHC	TCGA-BD-A3ER	TCGA-BD-A3ER-01A	Primary Tumor
9f98efc1-6ed0-4adc-aec9-6579c5f08b73	8a66f451-5529-47a5-86ee-9ba8761739fc.mirbase21.mirnas.quantification.txt	Transcriptome Profiling	miRNA Expression Quantification	TCGA-LIHC	TCGA-G3-A3CI	TCGA-G3-A3CI-01A	Primary Tumor
772f0a50-c019-4d85-a1c9-6534ff57f482	f7332a1d-ba16-44cd-b6c8-2639fdd568bf.mirbase21.mirnas.quantification.txt	Transcriptome Profiling	miRNA Expression Quantification	TCGA-LIHC	TCGA-DD-A39Z	TCGA-DD-A39Z-11A	Solid Tissue Normal
03cd9e0d-b484-4cf6-929e-9b75970f22f9	5a5895ab-6690-4686-a918-9fce6858e69f.mirbase21.mirnas.quantification.txt	Transcriptome Profiling	miRNA Expression Quantification	TCGA-LIHC	TCGA-DD-AAE0	TCGA-DD-AAE0-01A	Primary Tumor
df9a56ee-8381-4211-b35c-a5bdd76206b1	59327904-71c8-493b-933b-6b41c9e0db44.mirbase21.mirnas.quantification.txt	Transcriptome Profiling	miRNA Expression Quantification	TCGA-LIHC	TCGA-2V-A95S	TCGA-2V-A95S-01A	Primary Tumor
34c106a8-3ff8-4d58-a51e-ebbd8e8f25a6	777d840d-5f6d-4ff6-ae84-31da3c44e2da.mirbase21.mirnas.quantification.txt	Transcriptome Profiling	miRNA Expression Quantification	TCGA-LIHC	TCGA-2Y-A9HB	TCGA-2Y-A9HB-01A	Primary Tumor
68d0c0d4-c9d9-41aa-aeda-4fd76d54377f	610a0c74-2476-49c5-847f-9d0db6ee0895.mirbase21.mirnas.quantification.txt	Transcriptome Profiling	miRNA Expression Quantification	TCGA-LIHC	TCGA-DD-AACK	TCGA-DD-AACK-01A	Primary Tumor
4bf00b3a-2f94-4424-b231-e2ac974697ab	e9307701-8161-4e20-8922-6a4a9012bd6b.mirbase21.mirnas.quantification.txt	Transcriptome Profiling	miRNA Expression Quantification	TCGA-LIHC	TCGA-RC-A7SH	TCGA-RC-A7SH-01A	Primary Tumor
604d8e17-2298-4af5-acb9-d644cae937d9	5ef61536-fc67-417b-a93a-521c0a518441.mirbase21.mirnas.quantification.txt	Transcriptome Profiling	miRNA Expression Quantification	TCGA-LIHC	TCGA-DD-A1EK	TCGA-DD-A1EK-01A	Primary Tumor
29234951-8728-4e8c-b32c-b7480b0868ad	f598c235-a92d-4524-88f2-361ae658ede3.mirbase21.mirnas.quantification.txt	Transcriptome Profiling	miRNA Expression Quantification	TCGA-LIHC	TCGA-G3-A3CG	TCGA-G3-A3CG-01A	Primary Tumor
2f38451e-64c6-4d6b-be9e-d85d68f8a2a0	e1d950e4-8a82-4f29-b5d4-c900e4d6b6e2.mirbase21.mirnas.quantification.txt	Transcriptome Profiling	miRNA Expression Quantification	TCGA-LIHC	TCGA-CC-A7IF	TCGA-CC-A7IF-01A	Primary Tumor
74026969-eab8-44f1-8746-d89d5a450ba1	45da1c01-0316-4dbf-939b-4a758fd7e5e7.mirbase21.mirnas.quantification.txt	Transcriptome Profiling	miRNA Expression Quantification	TCGA-LIHC	TCGA-DD-A4NQ	TCGA-DD-A4NQ-01A	Primary Tumor
25affd0b-eb31-4641-a779-a4f51e64e11f	0777899a-fe18-4b82-ab1f-9b8f90c5f65d.mirbase21.mirnas.quantification.txt	Transcriptome Profiling	miRNA Expression Quantification	TCGA-LIHC	TCGA-DD-A1EJ	TCGA-DD-A1EJ-01A	Primary Tumor
0ca2657a-871a-4033-9b0d-4d1d35c17195	14ae1d6b-f3d1-4db2-a838-e6213fd09e90.mirbase21.mirnas.quantification.txt	Transcriptome Profiling	miRNA Expression Quantification	TCGA-LIHC	TCGA-BW-A5NP	TCGA-BW-A5NP-01A	Primary Tumor
f62df775-0a40-45bc-9768-4bb933b95a1a	aca86ddd-3dbc-4c4f-983c-96b39cf82560.mirbase21.mirnas.quantification.txt	Transcriptome Profiling	miRNA Expression Quantification	TCGA-LIHC	TCGA-CC-A5UE	TCGA-CC-A5UE-01A	Primary Tumor
b4bead2c-1f1b-4927-8d3f-4102a2065290	0688773f-5979-42e2-89a4-9b2ebc66efb3.mirbase21.mirnas.quantification.txt	Transcriptome Profiling	miRNA Expression Quantification	TCGA-LIHC	TCGA-BC-A10T	TCGA-BC-A10T-11A	Solid Tissue Normal
9a0f6fab-a799-4d7a-b2ad-9a7f206114be	b6fe3163-d533-441a-bf22-6fa4a54098f9.mirbase21.mirnas.quantification.txt	Transcriptome Profiling	miRNA Expression Quantification	TCGA-LIHC	TCGA-BC-A10Q	TCGA-BC-A10Q-01A	Primary Tumor
39804cc9-fb65-48e2-935d-8eb04f1dac73	c201e9d6-600d-405a-84ff-fb7011c9379d.mirbase21.mirnas.quantification.txt	Transcriptome Profiling	miRNA Expression Quantification	TCGA-LIHC	TCGA-DD-AAVV	TCGA-DD-AAVV-01A	Primary Tumor
71ca039a-f5f4-4630-9a26-b1736073adb4	a76951f9-752c-46e0-80f3-8f7ec736517a.mirbase21.mirnas.quantification.txt	Transcriptome Profiling	miRNA Expression Quantification	TCGA-LIHC	TCGA-WX-AA44	TCGA-WX-AA44-01A	Primary Tumor
e62fbf46-9302-4b0e-9429-40f63c5f9fde	4ae84788-7325-49b6-b203-99556411adb6.mirbase21.mirnas.quantification.txt	Transcriptome Profiling	miRNA Expression Quantification	TCGA-LIHC	TCGA-DD-AACH	TCGA-DD-AACH-01A	Primary Tumor
baa65cc1-acb7-46c0-b68b-ce11600b476d	0644e07b-831c-436a-b3cb-83d79a48820b.mirbase21.mirnas.quantification.txt	Transcriptome Profiling	miRNA Expression Quantification	TCGA-LIHC	TCGA-ZS-A9CE	TCGA-ZS-A9CE-01A	Primary Tumor
9c9d4ea0-d179-4e85-8fab-0daf7f70a6eb	c704eab3-20b4-4ad3-8d3b-1e72a9b8560a.mirbase21.mirnas.quantification.txt	Transcriptome Profiling	miRNA Expression Quantification	TCGA-LIHC	TCGA-CC-5264	TCGA-CC-5264-01A	Primary Tumor
40a89801-479f-4dfe-a39b-a7ec4db12ff0	bcee2b22-b36a-4df1-b479-7bc569ad7fb6.mirbase21.mirnas.quantification.txt	Transcriptome Profiling	miRNA Expression Quantification	TCGA-LIHC	TCGA-DD-A73F	TCGA-DD-A73F-01A	Primary Tumor
cd4e115b-10c7-4d39-8d82-63d8408ac7d3	342bcb05-1df2-4c6b-993a-c7c5932c2e43.mirbase21.mirnas.quantification.txt	Transcriptome Profiling	miRNA Expression Quantification	TCGA-LIHC	TCGA-KR-A7K0	TCGA-KR-A7K0-01A	Primary Tumor
9c075717-85d9-4d72-b5c1-ea7d322d8e39	cb397725-dd14-428f-a0db-ea518d15ea68.mirbase21.mirnas.quantification.txt	Transcriptome Profiling	miRNA Expression Quantification	TCGA-LIHC	TCGA-EP-A3JL	TCGA-EP-A3JL-01A	Primary Tumor
47691663-def0-4721-999b-f8ebf99349fa	71828329-0504-41cf-acbb-15211d441b77.mirbase21.mirnas.quantification.txt	Transcriptome Profiling	miRNA Expression Quantification	TCGA-LIHC	TCGA-BC-A10S	TCGA-BC-A10S-01A	Primary Tumor
0a4e1dee-7bb9-4b06-be75-102a6303cc67	c09b4cf3-f097-4ab0-9058-6887326ee3c6.mirbase21.mirnas.quantification.txt	Transcriptome Profiling	miRNA Expression Quantification	TCGA-LIHC	TCGA-BC-A3KG	TCGA-BC-A3KG-01A	Primary Tumor
c83c7ab9-6bcf-439d-94b8-582f0d05a266	59bc176f-d882-4a02-9383-7bd4c63a1f24.mirbase21.mirnas.quantification.txt	Transcriptome Profiling	miRNA Expression Quantification	TCGA-LIHC	TCGA-DD-AAW3	TCGA-DD-AAW3-01A	Primary Tumor
13e0903d-ec92-4aae-a1c9-98f627c5220b	2b8ce171-41a0-4a37-9fdc-55bbfaa53ea0.mirbase21.mirnas.quantification.txt	Transcriptome Profiling	miRNA Expression Quantification	TCGA-LIHC	TCGA-KR-A7K7	TCGA-KR-A7K7-01A	Primary Tumor
2b76c244-8299-4386-869a-db13f3dca1f1	8ebf57ac-4c32-475d-9d0e-98d64b23d197.mirbase21.mirnas.quantification.txt	Transcriptome Profiling	miRNA Expression Quantification	TCGA-LIHC	TCGA-DD-A4NB	TCGA-DD-A4NB-01A	Primary Tumor
d2cc659e-1220-4bc7-a049-5e97c1d53ed1	7f1e1a91-aa48-4fdb-bb19-cbc09dd557b3.mirbase21.mirnas.quantification.txt	Transcriptome Profiling	miRNA Expression Quantification	TCGA-LIHC	TCGA-BD-A3EP	TCGA-BD-A3EP-01A	Primary Tumor
41bbff97-ff5c-4ea8-8de7-5fcae1b37637	de1a7fe5-a943-438d-adbe-c6f546dba34d.mirbase21.mirnas.quantification.txt	Transcriptome Profiling	miRNA Expression Quantification	TCGA-LIHC	TCGA-BW-A5NQ	TCGA-BW-A5NQ-01A	Primary Tumor
0963590c-709b-424c-b3da-03f1376602d9	412bf7ff-29d9-44be-a605-cd503334690d.mirbase21.mirnas.quantification.txt	Transcriptome Profiling	miRNA Expression Quantification	TCGA-LIHC	TCGA-RC-A7SK	TCGA-RC-A7SK-01A	Primary Tumor
f89c71af-3c3a-4f1a-9af3-e91139672305	6f73d11b-c0c0-4059-bea6-a9b896501a19.mirbase21.mirnas.quantification.txt	Transcriptome Profiling	miRNA Expression Quantification	TCGA-LIHC	TCGA-G3-A3CK	TCGA-G3-A3CK-01A	Primary Tumor
dfe23fa5-d6d8-41a0-8e5a-3d3d11083fcc	96bb382e-1568-4254-a5b3-3ac82b18941b.mirbase21.mirnas.quantification.txt	Transcriptome Profiling	miRNA Expression Quantification	TCGA-LIHC	TCGA-DD-AADG	TCGA-DD-AADG-01A	Primary Tumor
7da33847-b1f8-4977-b223-aa9310f2f567	986c5a71-6af3-4ff5-af99-4a5362cbb08b.mirbase21.mirnas.quantification.txt	Transcriptome Profiling	miRNA Expression Quantification	TCGA-LIHC	TCGA-DD-AACA	TCGA-DD-AACA-02A	Recurrent Tumor
a69d2a4f-d46b-4594-a1fe-c646041c57b5	0a14c3bb-956b-43b7-a27e-8f61b9910ecb.mirbase21.mirnas.quantification.txt	Transcriptome Profiling	miRNA Expression Quantification	TCGA-LIHC	TCGA-DD-AAW2	TCGA-DD-AAW2-01A	Primary Tumor
cb88e431-14df-45ce-8d08-f766855f80d3	5edba520-5738-48bd-ac79-bdaedada2ebc.mirbase21.mirnas.quantification.txt	Transcriptome Profiling	miRNA Expression Quantification	TCGA-LIHC	TCGA-MR-A520	TCGA-MR-A520-01A	Primary Tumor
e8d50f70-8d06-4b93-b70b-4604e41b97d6	70e9d4c3-f430-4d93-9b91-887aecc22c53.mirbase21.mirnas.quantification.txt	Transcriptome Profiling	miRNA Expression Quantification	TCGA-LIHC	TCGA-DD-AADI	TCGA-DD-AADI-01A	Primary Tumor
faeff7d6-563f-48f3-a7d2-855b1964bd87	fad661ce-7835-444c-9205-f93085723284.mirbase21.mirnas.quantification.txt	Transcriptome Profiling	miRNA Expression Quantification	TCGA-LIHC	TCGA-DD-AAD5	TCGA-DD-AAD5-01A	Primary Tumor
8233f88d-e0e6-4bde-825d-b1da02485d4d	9c7d1a38-8681-428c-92a4-2e25f69c4426.mirbase21.mirnas.quantification.txt	Transcriptome Profiling	miRNA Expression Quantification	TCGA-LIHC	TCGA-DD-AADL	TCGA-DD-AADL-01A	Primary Tumor
d36f60d6-9991-40e1-bfb3-46cb56829f17	4468ae63-f2d9-4ddb-9d9b-8809b7af8dde.mirbase21.mirnas.quantification.txt	Transcriptome Profiling	miRNA Expression Quantification	TCGA-LIHC	TCGA-2Y-A9HA	TCGA-2Y-A9HA-01A	Primary Tumor
74b21920-c90e-4327-9a21-c4d2eaaa8c46	4e1c557a-767a-42e6-b0bd-c8e25fa23491.mirbase21.mirnas.quantification.txt	Transcriptome Profiling	miRNA Expression Quantification	TCGA-LIHC	TCGA-ZP-A9D1	TCGA-ZP-A9D1-01A	Primary Tumor
0d2141c1-c26d-4ba3-9728-9715bd715cf0	781988c7-83c1-491e-9122-b75f5e78c96b.mirbase21.mirnas.quantification.txt	Transcriptome Profiling	miRNA Expression Quantification	TCGA-LIHC	TCGA-DD-A4NL	TCGA-DD-A4NL-01A	Primary Tumor
e68e1056-d9af-41c2-8c86-790715409881	c8cf3427-099c-417f-8b4a-c05782bf57a1.mirbase21.mirnas.quantification.txt	Transcriptome Profiling	miRNA Expression Quantification	TCGA-LIHC	TCGA-DD-A4NS	TCGA-DD-A4NS-01A	Primary Tumor
e3a55804-afc4-49fb-acea-0d20a70c3605	1cad3ea0-5791-4db3-834f-e20a69e43c6b.mirbase21.mirnas.quantification.txt	Transcriptome Profiling	miRNA Expression Quantification	TCGA-LIHC	TCGA-DD-A11C	TCGA-DD-A11C-11A	Solid Tissue Normal
1e9ee1ce-e05a-4dc2-9718-c3a9d24a2916	3a52c147-c498-477f-8c2a-35b4240b3364.mirbase21.mirnas.quantification.txt	Transcriptome Profiling	miRNA Expression Quantification	TCGA-LIHC	TCGA-DD-A1EB	TCGA-DD-A1EB-01A	Primary Tumor
e0045881-1ea8-4cd7-92a8-fdc61954b9a1	c0dc9da0-5321-4ea3-a240-a17fb715208d.mirbase21.mirnas.quantification.txt	Transcriptome Profiling	miRNA Expression Quantification	TCGA-LIHC	TCGA-DD-AACC	TCGA-DD-AACC-01A	Primary Tumor
c3d1bb02-b136-4c95-b616-9a6768068c44	e390957f-32d9-497b-9c43-52dc5e11219a.mirbase21.mirnas.quantification.txt	Transcriptome Profiling	miRNA Expression Quantification	TCGA-LIHC	TCGA-MI-A75E	TCGA-MI-A75E-01A	Primary Tumor
e027e7af-8ff0-4b8d-bdf2-40de2db5d447	b53da069-da4d-4c2a-a8de-3ccdaaf6eb45.mirbase21.mirnas.quantification.txt	Transcriptome Profiling	miRNA Expression Quantification	TCGA-LIHC	TCGA-DD-AACD	TCGA-DD-AACD-01A	Primary Tumor
c8d58645-78fb-45ea-a06d-ad543b068cec	81e685d7-44d8-47a5-b481-68f71448cfa4.mirbase21.mirnas.quantification.txt	Transcriptome Profiling	miRNA Expression Quantification	TCGA-LIHC	TCGA-G3-A25W	TCGA-G3-A25W-01A	Primary Tumor
272ab114-d1bf-4197-961a-d51e66181b55	236884e8-0123-42cd-a95e-651d8c5b21c9.mirbase21.mirnas.quantification.txt	Transcriptome Profiling	miRNA Expression Quantification	TCGA-LIHC	TCGA-DD-A115	TCGA-DD-A115-01A	Primary Tumor
ebc02873-6f17-4433-aa41-aa1f151a9b19	29ff8d60-f6e8-4af5-87c5-afb5982f7fea.mirbase21.mirnas.quantification.txt	Transcriptome Profiling	miRNA Expression Quantification	TCGA-LIHC	TCGA-DD-AAVQ	TCGA-DD-AAVQ-01A	Primary Tumor
cdbc1aa1-0330-4ab8-9cba-8f573ca08100	7399f891-6d29-4a2b-b143-4f43ec99e2d0.mirbase21.mirnas.quantification.txt	Transcriptome Profiling	miRNA Expression Quantification	TCGA-LIHC	TCGA-FV-A3I0	TCGA-FV-A3I0-01A	Primary Tumor
8a0fa667-536e-400f-8bac-5d84eda4d977	0bb4da57-ea6b-42f6-bcc4-83d9dcc3a61c.mirbase21.mirnas.quantification.txt	Transcriptome Profiling	miRNA Expression Quantification	TCGA-LIHC	TCGA-DD-AADN	TCGA-DD-AADN-01A	Primary Tumor
9f1f4407-eeef-495b-9b51-ed7fb3226eca	27261a28-d8a7-4aa4-8b0a-028f0b038486.mirbase21.mirnas.quantification.txt	Transcriptome Profiling	miRNA Expression Quantification	TCGA-LIHC	TCGA-DD-A39X	TCGA-DD-A39X-01A	Primary Tumor
f812ee8c-4542-4cc9-bd50-092a945bf85d	9770e617-ca2b-45e8-8aee-5451d7a98d08.mirbase21.mirnas.quantification.txt	Transcriptome Profiling	miRNA Expression Quantification	TCGA-LIHC	TCGA-G3-A5SK	TCGA-G3-A5SK-01A	Primary Tumor
6a83378e-4b5e-4fd2-a681-cbb322b56713	369d9ca8-1583-4490-b0c4-3072d9f8cee1.mirbase21.mirnas.quantification.txt	Transcriptome Profiling	miRNA Expression Quantification	TCGA-LIHC	TCGA-T1-A6J8	TCGA-T1-A6J8-01A	Primary Tumor
b04a810e-df55-42c7-954a-d61c6a2d4d3d	fce8c96b-2490-4ac7-8dc8-85ae1d467aa0.mirbase21.mirnas.quantification.txt	Transcriptome Profiling	miRNA Expression Quantification	TCGA-LIHC	TCGA-DD-A1EJ	TCGA-DD-A1EJ-11A	Solid Tissue Normal
26b6787c-87a6-464c-9c8c-4b5c1903db72	dc4a6111-da4a-490a-a558-37e1a9918773.mirbase21.mirnas.quantification.txt	Transcriptome Profiling	miRNA Expression Quantification	TCGA-LIHC	TCGA-MI-A75I	TCGA-MI-A75I-01A	Primary Tumor
7b947fea-50ed-4e40-8e32-a8f8ce6a1cc4	d56eae47-6e27-4938-92dd-e3b5c69d2480.mirbase21.mirnas.quantification.txt	Transcriptome Profiling	miRNA Expression Quantification	TCGA-LIHC	TCGA-G3-A7M5	TCGA-G3-A7M5-01A	Primary Tumor
bc1ec616-b025-4a39-8d99-d86c9d1b0279	383b1f5e-651e-4f4d-9241-5c4b330a5184.mirbase21.mirnas.quantification.txt	Transcriptome Profiling	miRNA Expression Quantification	TCGA-LIHC	TCGA-RC-A7SF	TCGA-RC-A7SF-01A	Primary Tumor
fc75aec0-cd08-49ba-a446-a143f2cb2a66	9f69d15c-37d7-4864-a081-b5bc2ee2c228.mirbase21.mirnas.quantification.txt	Transcriptome Profiling	miRNA Expression Quantification	TCGA-LIHC	TCGA-BC-A10X	TCGA-BC-A10X-11A	Solid Tissue Normal
da376995-66fb-4d1c-99dc-a2d44bf46dbc	d87dd38a-7821-46ad-bf0a-05357d7c8e31.mirbase21.mirnas.quantification.txt	Transcriptome Profiling	miRNA Expression Quantification	TCGA-LIHC	TCGA-LG-A6GG	TCGA-LG-A6GG-01A	Primary Tumor
99e4dbc5-6711-416b-a651-b4b826db3496	5d6ca5f2-fa4c-489c-8df2-6f4f9df4b18a.mirbase21.mirnas.quantification.txt	Transcriptome Profiling	miRNA Expression Quantification	TCGA-LIHC	TCGA-BC-A217	TCGA-BC-A217-01A	Primary Tumor
f1b42db7-3899-40d1-b50e-05485b1eef7c	a8a3015d-9acf-4391-a356-60e11916382d.mirbase21.mirnas.quantification.txt	Transcriptome Profiling	miRNA Expression Quantification	TCGA-LIHC	TCGA-G3-AAV2	TCGA-G3-AAV2-01A	Primary Tumor
d4faa7bf-fcc1-40cd-b9c6-bbc051eccb85	9544a26b-3c44-44db-958f-444a62b5aee8.mirbase21.mirnas.quantification.txt	Transcriptome Profiling	miRNA Expression Quantification	TCGA-LIHC	TCGA-2Y-A9H1	TCGA-2Y-A9H1-01A	Primary Tumor
fa43ba8a-e5d1-4b7e-8d3c-1217a95e7419	4faf0730-c99c-4ffd-aa5c-f88facfadc22.mirbase21.mirnas.quantification.txt	Transcriptome Profiling	miRNA Expression Quantification	TCGA-LIHC	TCGA-DD-AAE4	TCGA-DD-AAE4-01A	Primary Tumor
22529dcb-53eb-4f7b-b3a0-434bca286567	0ad7de9f-5762-408a-9396-3d6508d66113.mirbase21.mirnas.quantification.txt	Transcriptome Profiling	miRNA Expression Quantification	TCGA-LIHC	TCGA-2Y-A9GZ	TCGA-2Y-A9GZ-01A	Primary Tumor
7036256f-f548-4337-85f7-13d9f0ed39ca	f595361f-f599-4b24-bbdd-43f518a26f59.mirbase21.mirnas.quantification.txt	Transcriptome Profiling	miRNA Expression Quantification	TCGA-LIHC	TCGA-BC-A10U	TCGA-BC-A10U-11A	Solid Tissue Normal
f19fb994-c016-4963-81f7-526d05ef4938	0883bceb-9610-45aa-be13-cd33b5f72f17.mirbase21.mirnas.quantification.txt	Transcriptome Profiling	miRNA Expression Quantification	TCGA-LIHC	TCGA-NI-A8LF	TCGA-NI-A8LF-01A	Primary Tumor
160e2c2f-33c1-4116-9241-5ca315b762d0	ff2c34e5-cd30-4bc5-bda7-dda749ed0eeb.mirbase21.mirnas.quantification.txt	Transcriptome Profiling	miRNA Expression Quantification	TCGA-LIHC	TCGA-BC-A5W4	TCGA-BC-A5W4-01A	Primary Tumor
bbaf89ea-a58c-41ee-927d-84ef7be8f9a0	eaa45812-1023-4f52-b558-c7996dbae434.mirbase21.mirnas.quantification.txt	Transcriptome Profiling	miRNA Expression Quantification	TCGA-LIHC	TCGA-G3-AAV0	TCGA-G3-AAV0-01A	Primary Tumor
d68a9f9a-2d5f-40ae-800c-d421f2cdc8ac	92b5c325-e74e-478a-9042-918d4021402c.mirbase21.mirnas.quantification.txt	Transcriptome Profiling	miRNA Expression Quantification	TCGA-LIHC	TCGA-DD-AADU	TCGA-DD-AADU-01A	Primary Tumor
f0277856-3dc2-4b8a-84b0-bdb9de1bdabb	5f990734-d72b-4d4d-ab34-2750b8c112e3.mirbase21.mirnas.quantification.txt	Transcriptome Profiling	miRNA Expression Quantification	TCGA-LIHC	TCGA-DD-AAED	TCGA-DD-AAED-01A	Primary Tumor
dff91c51-8d75-45d0-8da3-799e5ab2c5a4	76c953d7-7e2e-423b-b6e6-46f2b0faad96.mirbase21.mirnas.quantification.txt	Transcriptome Profiling	miRNA Expression Quantification	TCGA-LIHC	TCGA-DD-AADF	TCGA-DD-AADF-01A	Primary Tumor
1360fa1d-dc8a-4b50-b791-5ea38cf8c909	e965389c-978f-4429-a424-6577705c7501.mirbase21.mirnas.quantification.txt	Transcriptome Profiling	miRNA Expression Quantification	TCGA-LIHC	TCGA-K7-A6G5	TCGA-K7-A6G5-01A	Primary Tumor
c2a72742-0953-443e-9f8e-6dc3c4920bf0	93eee06c-72d2-4e9a-a22b-87778b4c670d.mirbase21.mirnas.quantification.txt	Transcriptome Profiling	miRNA Expression Quantification	TCGA-LIHC	TCGA-G3-AAV1	TCGA-G3-AAV1-01A	Primary Tumor
b3c1e5f7-5eaf-45e1-b93d-d61315dd8cc2	263b29b2-cd3b-46fe-aae1-3621f4ba5aef.mirbase21.mirnas.quantification.txt	Transcriptome Profiling	miRNA Expression Quantification	TCGA-LIHC	TCGA-ZP-A9D4	TCGA-ZP-A9D4-01A	Primary Tumor
a035b5b2-f3ca-4a05-a13d-1cbd9d79050c	3cc55495-cb0b-489e-8c03-c6858b4e2765.mirbase21.mirnas.quantification.txt	Transcriptome Profiling	miRNA Expression Quantification	TCGA-LIHC	TCGA-DD-AADJ	TCGA-DD-AADJ-01A	Primary Tumor
50dda1de-7a49-4897-91d9-0dd73c69d17a	7ce5abdc-78da-4f44-98b4-635c84898e3c.mirbase21.mirnas.quantification.txt	Transcriptome Profiling	miRNA Expression Quantification	TCGA-LIHC	TCGA-5C-A9VH	TCGA-5C-A9VH-01A	Primary Tumor
c567f2fe-d2d3-45e7-8704-f054f8a00904	cd0d5df3-bf9f-492b-8dee-0fb9f5954e77.mirbase21.mirnas.quantification.txt	Transcriptome Profiling	miRNA Expression Quantification	TCGA-LIHC	TCGA-2Y-A9GY	TCGA-2Y-A9GY-01A	Primary Tumor
d3f35772-03f9-46d6-ba85-db90f23cddad	86924ac9-d465-4f2b-9fdf-a93b92769fcf.mirbase21.mirnas.quantification.txt	Transcriptome Profiling	miRNA Expression Quantification	TCGA-LIHC	TCGA-BC-A216	TCGA-BC-A216-11A	Solid Tissue Normal
d99487de-1d53-4f04-aa88-f97260eea04d	8c74c2c6-7e5b-48a5-a714-5c93be6105e0.mirbase21.mirnas.quantification.txt	Transcriptome Profiling	miRNA Expression Quantification	TCGA-LIHC	TCGA-2Y-A9H7	TCGA-2Y-A9H7-01A	Primary Tumor
edbd2923-e995-41a9-9305-fe09b1f9924f	3372c1f7-4eb2-4edc-9b12-8804394c6ed2.mirbase21.mirnas.quantification.txt	Transcriptome Profiling	miRNA Expression Quantification	TCGA-LIHC	TCGA-DD-AADO	TCGA-DD-AADO-01A	Primary Tumor
b1218775-fae9-4304-aaec-b88bbf4daee1	bcf3b757-c820-42f6-92b7-de59611b23b2.mirbase21.mirnas.quantification.txt	Transcriptome Profiling	miRNA Expression Quantification	TCGA-LIHC	TCGA-XR-A8TC	TCGA-XR-A8TC-01A	Primary Tumor
b405ca13-f12b-4623-a1bf-ec99b5ccfbcd	583b0e63-4946-4de0-b75c-842006c67d6a.mirbase21.mirnas.quantification.txt	Transcriptome Profiling	miRNA Expression Quantification	TCGA-LIHC	TCGA-EP-A2KB	TCGA-EP-A2KB-01A	Primary Tumor
c8dd813e-d128-4b20-93bc-5035ed0723db	96d02c57-f553-4677-84fd-5e3f3187942b.mirbase21.mirnas.quantification.txt	Transcriptome Profiling	miRNA Expression Quantification	TCGA-LIHC	TCGA-DD-AACY	TCGA-DD-AACY-01A	Primary Tumor
668fef24-c7b8-47f9-b26f-b8038563e56b	b40effaf-d8b9-4f36-90c2-c2ca51d08a4d.mirbase21.mirnas.quantification.txt	Transcriptome Profiling	miRNA Expression Quantification	TCGA-LIHC	TCGA-DD-AAVP	TCGA-DD-AAVP-01A	Primary Tumor
304a419c-e330-4d14-aa94-7c4f6f43d257	b6ae2a2c-d7f2-4f2f-805e-b6b2d9582e27.mirbase21.mirnas.quantification.txt	Transcriptome Profiling	miRNA Expression Quantification	TCGA-LIHC	TCGA-DD-AACB	TCGA-DD-AACB-01A	Primary Tumor
155ad7f3-f30d-4c0a-abea-46cc993e280f	ca28f377-d686-41f9-90fb-9da55fec40cb.mirbase21.mirnas.quantification.txt	Transcriptome Profiling	miRNA Expression Quantification	TCGA-LIHC	TCGA-EP-A12J	TCGA-EP-A12J-11A	Solid Tissue Normal
aabb4a9f-e53e-460a-bf6c-c79ae88fcb54	8b8f8870-db9d-40e4-ac1e-0f8939fe33c6.mirbase21.mirnas.quantification.txt	Transcriptome Profiling	miRNA Expression Quantification	TCGA-LIHC	TCGA-CC-A7II	TCGA-CC-A7II-01A	Primary Tumor
b32f489b-563b-4bcb-95c1-4832201b4e3e	379fc46a-2ed8-4b30-bf3a-501746ed820b.mirbase21.mirnas.quantification.txt	Transcriptome Profiling	miRNA Expression Quantification	TCGA-LIHC	TCGA-DD-AADE	TCGA-DD-AADE-01A	Primary Tumor
55eecde2-b05e-42ac-8e01-84833ca7dc39	0117050d-5dee-4d22-b89a-f968b32b5cfa.mirbase21.mirnas.quantification.txt	Transcriptome Profiling	miRNA Expression Quantification	TCGA-LIHC	TCGA-K7-AAU7	TCGA-K7-AAU7-01A	Primary Tumor
9d51ce20-75b6-45dc-bcc4-bbb40dac6e85	7bd84371-ef67-48d7-94ff-4269ff901518.mirbase21.mirnas.quantification.txt	Transcriptome Profiling	miRNA Expression Quantification	TCGA-LIHC	TCGA-ED-A4XI	TCGA-ED-A4XI-01A	Primary Tumor
6332f65f-cb35-4f6c-bb3a-372e6cba1d18	0b7c5e69-5473-46a3-8180-ef2a730ec308.mirbase21.mirnas.quantification.txt	Transcriptome Profiling	miRNA Expression Quantification	TCGA-LIHC	TCGA-ED-A7PX	TCGA-ED-A7PX-01A	Primary Tumor
e80375bd-65f0-44e0-81fa-c7d0c7463b90	1da9bf4c-70ae-4550-bb32-49c7c297f7a9.mirbase21.mirnas.quantification.txt	Transcriptome Profiling	miRNA Expression Quantification	TCGA-LIHC	TCGA-BW-A5NO	TCGA-BW-A5NO-01A	Primary Tumor
5f8b68bd-9a3c-4d9d-93d2-4a5c5304a874	0e93f98e-61d9-429a-97c9-fb038adc628f.mirbase21.mirnas.quantification.txt	Transcriptome Profiling	miRNA Expression Quantification	TCGA-LIHC	TCGA-DD-AAVW	TCGA-DD-AAVW-01A	Primary Tumor
3bcdb2d8-edf3-48c3-90a7-0c081f9dac1f	72c184e6-0ce3-4b0a-954c-ce0bc4bf9770.mirbase21.mirnas.quantification.txt	Transcriptome Profiling	miRNA Expression Quantification	TCGA-LIHC	TCGA-UB-A7MF	TCGA-UB-A7MF-01A	Primary Tumor
ca2d0a98-2514-4956-8dda-3904ac963316	979c3a0a-2e28-4848-aa90-c4d8bd085192.mirbase21.mirnas.quantification.txt	Transcriptome Profiling	miRNA Expression Quantification	TCGA-LIHC	TCGA-G3-A6UC	TCGA-G3-A6UC-01A	Primary Tumor
6c7dbe72-d1f0-4ec4-b9fd-8f8636ed9214	49f9328f-6ec8-4c31-8259-ddb174434745.mirbase21.mirnas.quantification.txt	Transcriptome Profiling	miRNA Expression Quantification	TCGA-LIHC	TCGA-FV-A23B	TCGA-FV-A23B-01A	Primary Tumor
a0bf4b4f-24b5-44a0-bfdf-585004d60743	b8aef3cd-383c-455f-918a-cfd7405ef7f5.mirbase21.mirnas.quantification.txt	Transcriptome Profiling	miRNA Expression Quantification	TCGA-LIHC	TCGA-DD-A1EI	TCGA-DD-A1EI-11A	Solid Tissue Normal
7fc47329-c638-4ff1-98f1-58f7645b95ef	ad114591-0409-4bc5-8f0b-dbb44a5ad0eb.mirbase21.mirnas.quantification.txt	Transcriptome Profiling	miRNA Expression Quantification	TCGA-LIHC	TCGA-DD-A73C	TCGA-DD-A73C-01A	Primary Tumor
92621fcf-a93f-45f6-88f8-76252c843e99	d489621d-966b-44fd-81ca-12e4e131b119.mirbase21.mirnas.quantification.txt	Transcriptome Profiling	miRNA Expression Quantification	TCGA-LIHC	TCGA-CC-A3M9	TCGA-CC-A3M9-01A	Primary Tumor
93494126-f7bd-4822-9442-122866fcb99c	b6813a98-5d95-4441-bd69-f053c92e8f27.mirbase21.mirnas.quantification.txt	Transcriptome Profiling	miRNA Expression Quantification	TCGA-LIHC	TCGA-DD-AAEK	TCGA-DD-AAEK-01A	Primary Tumor
3776ea7d-6e59-45b5-aa1b-45e1b072d0b7	397a0e07-2aaa-4350-8250-97aae1d432ee.mirbase21.mirnas.quantification.txt	Transcriptome Profiling	miRNA Expression Quantification	TCGA-LIHC	TCGA-BD-A2L6	TCGA-BD-A2L6-11A	Solid Tissue Normal
0cb6c6e1-d1ab-4e2e-93ea-80e2ea663a50	3fb17e7c-311e-438b-9ddc-a07c3102a1ca.mirbase21.mirnas.quantification.txt	Transcriptome Profiling	miRNA Expression Quantification	TCGA-LIHC	TCGA-BD-A3EP	TCGA-BD-A3EP-11A	Solid Tissue Normal
ba9a44d3-0b0f-48c8-8a07-c0ffad9d32cc	1e0c6e5b-80ba-421a-8e63-5664661f1325.mirbase21.mirnas.quantification.txt	Transcriptome Profiling	miRNA Expression Quantification	TCGA-LIHC	TCGA-RC-A6M4	TCGA-RC-A6M4-01A	Primary Tumor
732952d7-f51c-4952-812b-40916ef5ea52	9169fcfd-1d80-457f-94ff-9280d3820767.mirbase21.mirnas.quantification.txt	Transcriptome Profiling	miRNA Expression Quantification	TCGA-LIHC	TCGA-WQ-AB4B	TCGA-WQ-AB4B-01A	Primary Tumor
038e6b5d-0c50-4e15-ac77-612cc7983cdc	9533971b-f059-4aec-979f-53da68b5d312.mirbase21.mirnas.quantification.txt	Transcriptome Profiling	miRNA Expression Quantification	TCGA-LIHC	TCGA-RC-A7SB	TCGA-RC-A7SB-01A	Primary Tumor
5ade57cd-5a86-4c24-91c5-79c238c018db	d61a613f-28a1-4a43-ba05-d1a97b66f9f3.mirbase21.mirnas.quantification.txt	Transcriptome Profiling	miRNA Expression Quantification	TCGA-LIHC	TCGA-DD-A3A8	TCGA-DD-A3A8-11A	Solid Tissue Normal
f826811c-bffa-4363-9dcb-45a038ce36ec	186eef89-94fb-4a1c-9a81-f37733cea0f6.mirbase21.mirnas.quantification.txt	Transcriptome Profiling	miRNA Expression Quantification	TCGA-LIHC	TCGA-DD-AAE8	TCGA-DD-AAE8-01A	Primary Tumor
5eac0fae-f4b5-41a4-827d-2cadde63c060	4cb977db-be5f-497d-a4a2-96e6873699dd.mirbase21.mirnas.quantification.txt	Transcriptome Profiling	miRNA Expression Quantification	TCGA-LIHC	TCGA-PD-A5DF	TCGA-PD-A5DF-01A	Primary Tumor
9c533a3a-17b2-4931-94d9-2269eacafddc	972201d5-1b6f-4a8d-8fdb-34163ed87cd2.mirbase21.mirnas.quantification.txt	Transcriptome Profiling	miRNA Expression Quantification	TCGA-LIHC	TCGA-DD-AACE	TCGA-DD-AACE-01A	Primary Tumor
31d6378b-5d30-41af-869e-7343c2a24431	74e525d4-d88d-4ddd-b5b5-652fd172f1ce.mirbase21.mirnas.quantification.txt	Transcriptome Profiling	miRNA Expression Quantification	TCGA-LIHC	TCGA-FV-A3I1	TCGA-FV-A3I1-01A	Primary Tumor
f875ec46-745f-4ce9-9c1b-2843ff3525e2	e85de304-84a8-4ba5-8c64-8ec4a80db5a9.mirbase21.mirnas.quantification.txt	Transcriptome Profiling	miRNA Expression Quantification	TCGA-LIHC	TCGA-DD-A113	TCGA-DD-A113-01A	Primary Tumor
298fa148-699e-4521-87b2-71f6ca37a10c	a070a1ad-53be-4574-b1e8-0a33fee84d99.mirbase21.mirnas.quantification.txt	Transcriptome Profiling	miRNA Expression Quantification	TCGA-LIHC	TCGA-WQ-A9G7	TCGA-WQ-A9G7-01A	Primary Tumor
5ae45886-041d-430f-b28f-6786032d72ea	47e1a1e5-2faf-4617-8c8c-4653846d8196.mirbase21.mirnas.quantification.txt	Transcriptome Profiling	miRNA Expression Quantification	TCGA-LIHC	TCGA-DD-AADY	TCGA-DD-AADY-01A	Primary Tumor
10c13305-fa56-429d-880a-2827f64503ae	2447723d-3a89-48b6-aa99-63c566454297.mirbase21.mirnas.quantification.txt	Transcriptome Profiling	miRNA Expression Quantification	TCGA-LIHC	TCGA-ES-A2HT	TCGA-ES-A2HT-01A	Primary Tumor
a62da189-4c70-41e9-800c-1be6b22b9420	7d11f015-f4ee-439e-87b5-e3844e6d1f04.mirbase21.mirnas.quantification.txt	Transcriptome Profiling	miRNA Expression Quantification	TCGA-LIHC	TCGA-2Y-A9H9	TCGA-2Y-A9H9-01A	Primary Tumor
e931fb80-682c-4f7f-9bd8-c7dd16997552	ac615e2d-87bb-4d61-b1e7-64db75196c16.mirbase21.mirnas.quantification.txt	Transcriptome Profiling	miRNA Expression Quantification	TCGA-LIHC	TCGA-2Y-A9H6	TCGA-2Y-A9H6-01A	Primary Tumor
aeb9bb68-6197-459e-ad2e-be382cb9a6c8	1f0d96c8-c319-461e-ae7c-5bf12e9ed5f5.mirbase21.mirnas.quantification.txt	Transcriptome Profiling	miRNA Expression Quantification	TCGA-LIHC	TCGA-DD-A4NG	TCGA-DD-A4NG-01A	Primary Tumor
1d769e29-4188-4e32-a5a1-6ea9f04fb97c	75769ec4-1b3c-4bef-adcb-c9c4c6f5f935.mirbase21.mirnas.quantification.txt	Transcriptome Profiling	miRNA Expression Quantification	TCGA-LIHC	TCGA-BC-A10Y	TCGA-BC-A10Y-11A	Solid Tissue Normal
b9d2753e-8189-441d-9528-60de47b4a32c	5150ee00-a2b3-4cc5-a619-9676604c66c1.mirbase21.mirnas.quantification.txt	Transcriptome Profiling	miRNA Expression Quantification	TCGA-LIHC	TCGA-WJ-A86L	TCGA-WJ-A86L-01A	Primary Tumor
2c101f2f-d5b6-4702-8b20-a4b7b907a6fb	39e7493d-bff8-4207-8dbb-47bb904091db.mirbase21.mirnas.quantification.txt	Transcriptome Profiling	miRNA Expression Quantification	TCGA-LIHC	TCGA-5C-A9VG	TCGA-5C-A9VG-01A	Primary Tumor
bb03ec8f-9c27-4b76-a41b-9db010b1ee66	293a8556-f8f1-47a2-ac91-a374da82d8c9.mirbase21.mirnas.quantification.txt	Transcriptome Profiling	miRNA Expression Quantification	TCGA-LIHC	TCGA-CC-A7IJ	TCGA-CC-A7IJ-01A	Primary Tumor
b1607c12-6775-460a-b841-762eb9420fb2	d37dfe18-165b-4b64-bef9-b05520bcb0c7.mirbase21.mirnas.quantification.txt	Transcriptome Profiling	miRNA Expression Quantification	TCGA-LIHC	TCGA-DD-A116	TCGA-DD-A116-01A	Primary Tumor
a77aabc0-cbc7-42d9-bf19-ecfdd20de09e	17b55c6c-0cb8-4ac9-98a0-a11e132c2ef9.mirbase21.mirnas.quantification.txt	Transcriptome Profiling	miRNA Expression Quantification	TCGA-LIHC	TCGA-GJ-A3OU	TCGA-GJ-A3OU-01A	Primary Tumor
94e80f5c-72db-4846-a734-a6a69b1e0af6	b0354201-e6f5-4e3e-82a0-e52004ae4627.mirbase21.mirnas.quantification.txt	Transcriptome Profiling	miRNA Expression Quantification	TCGA-LIHC	TCGA-DD-AACG	TCGA-DD-AACG-01A	Primary Tumor
02b0dfe5-79a1-4ad3-b5a4-bce560a841ec	fffd6110-afd2-45bd-a6f4-3b01c576ec5e.mirbase21.mirnas.quantification.txt	Transcriptome Profiling	miRNA Expression Quantification	TCGA-LIHC	TCGA-ZS-A9CG	TCGA-ZS-A9CG-01A	Primary Tumor
c780be6f-d1d8-4200-8958-6fadfc287ba5	021a7a45-65f2-4d27-af1c-4bfc1cbeb77a.mirbase21.mirnas.quantification.txt	Transcriptome Profiling	miRNA Expression Quantification	TCGA-LIHC	TCGA-DD-A1EH	TCGA-DD-A1EH-11A	Solid Tissue Normal
e08956b0-a3fb-4591-aff1-113c41c4b4f1	359c393d-f522-462f-b476-d8f158566038.mirbase21.mirnas.quantification.txt	Transcriptome Profiling	miRNA Expression Quantification	TCGA-LIHC	TCGA-ED-A66X	TCGA-ED-A66X-01A	Primary Tumor
9e93a4c0-3b50-4aef-bfa0-c36b803b0642	d29cbafb-e1f9-4d1f-b31c-ea71d91edc09.mirbase21.mirnas.quantification.txt	Transcriptome Profiling	miRNA Expression Quantification	TCGA-LIHC	TCGA-DD-A3A0	TCGA-DD-A3A0-01A	Primary Tumor
32e372ed-604a-4ee4-93f9-560eb18a8c09	db841100-f796-4bff-8ca7-ff76d73f100c.mirbase21.mirnas.quantification.txt	Transcriptome Profiling	miRNA Expression Quantification	TCGA-LIHC	TCGA-DD-AACX	TCGA-DD-AACX-01A	Primary Tumor
26f870b5-9d30-4429-9b9f-44f663156f1b	991e8d57-55d8-4882-be48-d25f14caa337.mirbase21.mirnas.quantification.txt	Transcriptome Profiling	miRNA Expression Quantification	TCGA-LIHC	TCGA-GJ-A6C0	TCGA-GJ-A6C0-01A	Primary Tumor
498a57db-baa5-4918-b5ae-918eab0bb55d	2844d435-3e7f-4fd1-8750-e1a8a60113fb.mirbase21.mirnas.quantification.txt	Transcriptome Profiling	miRNA Expression Quantification	TCGA-LIHC	TCGA-DD-AACM	TCGA-DD-AACM-01A	Primary Tumor
4abda5ac-a8f4-4ab1-a90a-4f4d4c297a29	718c9279-60a5-464c-b2fa-3e4093ba0c82.mirbase21.mirnas.quantification.txt	Transcriptome Profiling	miRNA Expression Quantification	TCGA-LIHC	TCGA-CC-A7IK	TCGA-CC-A7IK-01A	Primary Tumor
a4ab5676-6ce3-4581-b081-3b927b87a468	c7fbfb74-296f-45b7-bfc4-0d51ef2a81e2.mirbase21.mirnas.quantification.txt	Transcriptome Profiling	miRNA Expression Quantification	TCGA-LIHC	TCGA-ZS-A9CF	TCGA-ZS-A9CF-02A	Recurrent Tumor
d23c9463-b95f-41e3-889a-d7a11ce3526d	ce3ca9b0-9356-482a-8e26-4494bf071ac2.mirbase21.mirnas.quantification.txt	Transcriptome Profiling	miRNA Expression Quantification	TCGA-LIHC	TCGA-CC-A8HV	TCGA-CC-A8HV-01A	Primary Tumor
ecfbc9a6-28e9-47b6-aac3-73f76bd55f0d	981704c7-4fc8-45d0-b709-52645fb73081.mirbase21.mirnas.quantification.txt	Transcriptome Profiling	miRNA Expression Quantification	TCGA-LIHC	TCGA-BC-A10R	TCGA-BC-A10R-01A	Primary Tumor
78a52146-a4ae-497b-a9cf-baedb6a87aca	bde1eec3-f5af-4f18-bfdc-29689b07b5cf.mirbase21.mirnas.quantification.txt	Transcriptome Profiling	miRNA Expression Quantification	TCGA-LIHC	TCGA-ED-A82E	TCGA-ED-A82E-01A	Primary Tumor
7589d922-09dc-4ffd-a87f-9cd5a71df393	5bb99078-09c8-4d10-80c8-6ce28b5b1431.mirbase21.mirnas.quantification.txt	Transcriptome Profiling	miRNA Expression Quantification	TCGA-LIHC	TCGA-DD-AADA	TCGA-DD-AADA-01A	Primary Tumor
d3f0f030-d36f-49a5-89fd-69aa5d99c445	092c7bb9-0d2d-4bc6-a9b9-7ca5f6adc721.mirbase21.mirnas.quantification.txt	Transcriptome Profiling	miRNA Expression Quantification	TCGA-LIHC	TCGA-DD-A73D	TCGA-DD-A73D-01A	Primary Tumor
85db7195-b748-436f-bfbd-4082eda4a8b2	225e67dc-dce6-4f4f-9957-b51db2326d0e.mirbase21.mirnas.quantification.txt	Transcriptome Profiling	miRNA Expression Quantification	TCGA-LIHC	TCGA-CC-A3MB	TCGA-CC-A3MB-01A	Primary Tumor
bc26d4e8-ecf7-4caa-9e3e-25025259ac9c	f72fe51e-7fa1-41e9-b906-5fd6c0bd67f2.mirbase21.mirnas.quantification.txt	Transcriptome Profiling	miRNA Expression Quantification	TCGA-LIHC	TCGA-DD-AADM	TCGA-DD-AADM-01A	Primary Tumor
1d6cd5e0-ab0a-4f1d-ad72-31408589e553	191bae10-9f2a-40ef-aed7-349901cb9097.mirbase21.mirnas.quantification.txt	Transcriptome Profiling	miRNA Expression Quantification	TCGA-LIHC	TCGA-HP-A5N0	TCGA-HP-A5N0-01A	Primary Tumor
bd93d118-4668-4820-b8e0-7aa974a35012	09124be1-370b-488d-862e-060f9ecd04b3.mirbase21.mirnas.quantification.txt	Transcriptome Profiling	miRNA Expression Quantification	TCGA-LIHC	TCGA-BC-A3KF	TCGA-BC-A3KF-01A	Primary Tumor
2d56ee38-c3a2-46c7-9e41-ae6eb0921e2d	2e99a80a-5419-4962-8de7-2c1719385498.mirbase21.mirnas.quantification.txt	Transcriptome Profiling	miRNA Expression Quantification	TCGA-LIHC	TCGA-DD-A4NV	TCGA-DD-A4NV-01A	Primary Tumor
5db54e5f-4e49-4de3-bb63-fdc9c49dc170	6debe1b4-9c59-4818-a15a-3619bcbef0f8.mirbase21.mirnas.quantification.txt	Transcriptome Profiling	miRNA Expression Quantification	TCGA-LIHC	TCGA-G3-A25Z	TCGA-G3-A25Z-01A	Primary Tumor
ea3079f6-7be3-4061-b39d-9190ebd6e4ac	aeaebde8-5fbb-42ff-9201-7dbcb63987c4.mirbase21.mirnas.quantification.txt	Transcriptome Profiling	miRNA Expression Quantification	TCGA-LIHC	TCGA-DD-A4NP	TCGA-DD-A4NP-01A	Primary Tumor
66e0c85c-711e-4d16-aa60-6e7257a12948	7038fd4b-e4ee-4d9c-a37e-38a3208a9f2d.mirbase21.mirnas.quantification.txt	Transcriptome Profiling	miRNA Expression Quantification	TCGA-LIHC	TCGA-ED-A8O6	TCGA-ED-A8O6-01A	Primary Tumor
2a811e23-ff09-4e0e-b507-ce543df261ce	524eabdf-de41-43d2-9aba-fcdc5eb804d3.mirbase21.mirnas.quantification.txt	Transcriptome Profiling	miRNA Expression Quantification	TCGA-LIHC	TCGA-DD-AAVZ	TCGA-DD-AAVZ-01A	Primary Tumor
f19495ee-cce6-414e-9ce0-25bbc7d0c648	13737350-fbb4-4aab-b8e9-15a9333f4918.mirbase21.mirnas.quantification.txt	Transcriptome Profiling	miRNA Expression Quantification	TCGA-LIHC	TCGA-DD-A113	TCGA-DD-A113-11A	Solid Tissue Normal
ef050201-43fc-4943-bc97-59c9074018dc	ea6d4198-dce5-4974-8670-8431d51278aa.mirbase21.mirnas.quantification.txt	Transcriptome Profiling	miRNA Expression Quantification	TCGA-LIHC	TCGA-DD-AACP	TCGA-DD-AACP-01A	Primary Tumor
68143333-f540-4a02-9cbd-e4783c25175b	8f1b5875-074e-4000-b83f-733d45b9801e.mirbase21.mirnas.quantification.txt	Transcriptome Profiling	miRNA Expression Quantification	TCGA-LIHC	TCGA-DD-A3A6	TCGA-DD-A3A6-01A	Primary Tumor
83e681a8-b7f6-43ef-966d-c0117a3cdd3d	d8cb4b80-dee8-492f-85f1-80d057bb8491.mirbase21.mirnas.quantification.txt	Transcriptome Profiling	miRNA Expression Quantification	TCGA-LIHC	TCGA-UB-AA0U	TCGA-UB-AA0U-01A	Primary Tumor
3cb61981-b1ae-4eaf-a2d9-f484bd57fe78	4f891294-41ea-4556-81e0-e302b23933cf.mirbase21.mirnas.quantification.txt	Transcriptome Profiling	miRNA Expression Quantification	TCGA-LIHC	TCGA-CC-A5UC	TCGA-CC-A5UC-01A	Primary Tumor
469f2174-868f-45e8-9467-744147a4c5d6	849d6286-68b5-4f23-933f-cb16233182f6.mirbase21.mirnas.quantification.txt	Transcriptome Profiling	miRNA Expression Quantification	TCGA-LIHC	TCGA-DD-AAE9	TCGA-DD-AAE9-01A	Primary Tumor
164ea59c-158b-4b12-8b2e-49d12f844b6e	b80f0918-7128-4b02-a481-ce03bd9f66d4.mirbase21.mirnas.quantification.txt	Transcriptome Profiling	miRNA Expression Quantification	TCGA-LIHC	TCGA-DD-A73A	TCGA-DD-A73A-01A	Primary Tumor
fa341e9d-3761-420b-9cd0-7f087b4299be	40f5172c-e22b-4663-9c4a-dde3297fa6fd.mirbase21.mirnas.quantification.txt	Transcriptome Profiling	miRNA Expression Quantification	TCGA-LIHC	TCGA-DD-A119	TCGA-DD-A119-11A	Solid Tissue Normal
cc580007-e38e-4d49-bf23-90e630fe79fd	8932fca5-b6ea-4523-b4ab-a64cb53c4fcc.mirbase21.mirnas.quantification.txt	Transcriptome Profiling	miRNA Expression Quantification	TCGA-LIHC	TCGA-G3-AAV3	TCGA-G3-AAV3-01A	Primary Tumor
b922a711-a10d-4a13-bf78-a499369a4f32	99c2dd95-0ea8-4159-8dc2-1ed74d2f98ad.mirbase21.mirnas.quantification.txt	Transcriptome Profiling	miRNA Expression Quantification	TCGA-LIHC	TCGA-DD-A4NN	TCGA-DD-A4NN-01A	Primary Tumor
0859bada-dfcd-457f-823f-c0f202b69f5e	5e78bdca-c018-460b-ba96-a5d7a71a6e76.mirbase21.mirnas.quantification.txt	Transcriptome Profiling	miRNA Expression Quantification	TCGA-LIHC	TCGA-G3-A5SL	TCGA-G3-A5SL-01A	Primary Tumor
73272544-307f-4fd9-8c1d-46e0879d8122	394f3b80-4109-49ad-b6e6-740735852656.mirbase21.mirnas.quantification.txt	Transcriptome Profiling	miRNA Expression Quantification	TCGA-LIHC	TCGA-G3-A7M9	TCGA-G3-A7M9-01A	Primary Tumor
8002d093-ede5-47e8-85aa-74918b5aed2b	4c27833c-e999-46e9-bd70-d24774c2498a.mirbase21.mirnas.quantification.txt	Transcriptome Profiling	miRNA Expression Quantification	TCGA-LIHC	TCGA-ED-A7PY	TCGA-ED-A7PY-01A	Primary Tumor
46a7fa5e-928e-46eb-83e9-0194c40c0947	6a18967a-f620-468b-b24f-9f20be5b9a32.mirbase21.mirnas.quantification.txt	Transcriptome Profiling	miRNA Expression Quantification	TCGA-LIHC	TCGA-EP-A26S	TCGA-EP-A26S-01A	Primary Tumor
118ec61b-2bab-40cb-9b57-2ae8ad52f192	43529af3-1a79-4746-beb0-f7e6f6e4494b.mirbase21.mirnas.quantification.txt	Transcriptome Profiling	miRNA Expression Quantification	TCGA-LIHC	TCGA-G3-A3CH	TCGA-G3-A3CH-11A	Solid Tissue Normal
d2505142-7f3c-4eba-87fa-9a131e39cdda	901e4374-c44c-4069-8458-59b29947023a.mirbase21.mirnas.quantification.txt	Transcriptome Profiling	miRNA Expression Quantification	TCGA-LIHC	TCGA-DD-A3A5	TCGA-DD-A3A5-01A	Primary Tumor
0820d171-84e4-4f2f-91ba-dbbca16bca34	71e4165a-b0b3-4584-add1-17d2e8d8066c.mirbase21.mirnas.quantification.txt	Transcriptome Profiling	miRNA Expression Quantification	TCGA-LIHC	TCGA-DD-A1EH	TCGA-DD-A1EH-01A	Primary Tumor
ef6dbcaf-e6b7-4567-bcd8-5feda236f293	537f8def-d07e-4fc8-9bb0-943f27754958.mirbase21.mirnas.quantification.txt	Transcriptome Profiling	miRNA Expression Quantification	TCGA-LIHC	TCGA-BC-A10X	TCGA-BC-A10X-01A	Primary Tumor
8f75ba5d-4bf1-4f06-b64e-f692f24b2161	66aff8a7-d401-44e9-99be-ef0e8d3d211c.mirbase21.mirnas.quantification.txt	Transcriptome Profiling	miRNA Expression Quantification	TCGA-LIHC	TCGA-UB-A7ME	TCGA-UB-A7ME-01A	Primary Tumor
ff0a8e17-6a04-4e4e-b94b-2b66f5081d1e	54504827-f0cb-474a-99a7-5f51a0fce0cb.mirbase21.mirnas.quantification.txt	Transcriptome Profiling	miRNA Expression Quantification	TCGA-LIHC	TCGA-DD-AAE2	TCGA-DD-AAE2-01A	Primary Tumor
19cca660-045e-4339-9700-e7721724f32e	450198c1-92fc-4460-9430-eb9ab8458b50.mirbase21.mirnas.quantification.txt	Transcriptome Profiling	miRNA Expression Quantification	TCGA-LIHC	TCGA-UB-A7MB	TCGA-UB-A7MB-01A	Primary Tumor
5fa6477b-1a72-4d2d-b889-e98480a456c1	342aff96-4185-4216-ba76-672a53535719.mirbase21.mirnas.quantification.txt	Transcriptome Profiling	miRNA Expression Quantification	TCGA-LIHC	TCGA-DD-A114	TCGA-DD-A114-01A	Primary Tumor
38f2343c-274b-49b6-b2f6-a20448941210	61e93f10-1af1-47db-8a46-61aab938adad.mirbase21.mirnas.quantification.txt	Transcriptome Profiling	miRNA Expression Quantification	TCGA-LIHC	TCGA-G3-AAV7	TCGA-G3-AAV7-01A	Primary Tumor
adf979e5-eef3-4f59-bcba-1da659a48027	a09e7d02-5f22-4307-9f97-ac8d1e209c26.mirbase21.mirnas.quantification.txt	Transcriptome Profiling	miRNA Expression Quantification	TCGA-LIHC	TCGA-MI-A75C	TCGA-MI-A75C-01A	Primary Tumor
8dff4274-8e1a-40ac-a462-29d9231626ed	003a196f-0773-4e8f-8909-bcd66e4a57b1.mirbase21.mirnas.quantification.txt	Transcriptome Profiling	miRNA Expression Quantification	TCGA-LIHC	TCGA-UB-A7MC	TCGA-UB-A7MC-01A	Primary Tumor
8056fbf5-330b-4bfc-9143-9c1f1f314171	86053d87-2e30-43f8-8122-80b106d0ece1.mirbase21.mirnas.quantification.txt	Transcriptome Profiling	miRNA Expression Quantification	TCGA-LIHC	TCGA-EP-A26S	TCGA-EP-A26S-11A	Solid Tissue Normal
7bc7fda2-b6b3-49b9-ac20-863aeebdd664	08797325-53a1-4f07-8282-a400bf801525.mirbase21.mirnas.quantification.txt	Transcriptome Profiling	miRNA Expression Quantification	TCGA-LIHC	TCGA-ED-A5KG	TCGA-ED-A5KG-01A	Primary Tumor
26564832-3fc3-4819-9c99-4c9ba917fa2c	de853b0c-bf97-423e-966b-5ecac6460da9.mirbase21.mirnas.quantification.txt	Transcriptome Profiling	miRNA Expression Quantification	TCGA-LIHC	TCGA-5C-AAPD	TCGA-5C-AAPD-01A	Primary Tumor
3602dc7f-4a01-48d0-84ee-5b4ee81e2114	516c902d-f4ac-4a9b-8913-4425aa2b25d0.mirbase21.mirnas.quantification.txt	Transcriptome Profiling	miRNA Expression Quantification	TCGA-LIHC	TCGA-DD-AAD3	TCGA-DD-AAD3-01A	Primary Tumor
6d41f537-2a0e-43cc-825a-01e979f75b0a	2233f072-da5c-4a4c-9780-5d44c405063c.mirbase21.mirnas.quantification.txt	Transcriptome Profiling	miRNA Expression Quantification	TCGA-LIHC	TCGA-DD-AAEA	TCGA-DD-AAEA-01A	Primary Tumor
b695783d-8d96-46ee-9ef3-aa168551b41c	8683ecdf-a591-4b9a-8421-02a763848b41.mirbase21.mirnas.quantification.txt	Transcriptome Profiling	miRNA Expression Quantification	TCGA-LIHC	TCGA-ED-A97K	TCGA-ED-A97K-01A	Primary Tumor
ec6150c4-188c-4198-b9a8-b266ac786bbb	1d255947-1b6d-4ef4-a892-5b73b847e820.mirbase21.mirnas.quantification.txt	Transcriptome Profiling	miRNA Expression Quantification	TCGA-LIHC	TCGA-G3-A5SJ	TCGA-G3-A5SJ-01A	Primary Tumor
a934f828-f33b-4138-bb06-72a5e48fe8f2	ec845651-28b8-4f1e-9612-123a06506aa4.mirbase21.mirnas.quantification.txt	Transcriptome Profiling	miRNA Expression Quantification	TCGA-LIHC	TCGA-CC-A9FV	TCGA-CC-A9FV-01A	Primary Tumor
55caeb6c-9123-4f97-a373-d66148d9fb25	0847bfd1-e96b-4246-9e9d-ee7e121e93d7.mirbase21.mirnas.quantification.txt	Transcriptome Profiling	miRNA Expression Quantification	TCGA-LIHC	TCGA-DD-A4NI	TCGA-DD-A4NI-01A	Primary Tumor
463efa7a-bb13-4a56-bae0-966fe792de1b	cadddce5-0b78-4632-854d-393a196e8d42.mirbase21.mirnas.quantification.txt	Transcriptome Profiling	miRNA Expression Quantification	TCGA-LIHC	TCGA-4R-AA8I	TCGA-4R-AA8I-01A	Primary Tumor
d0e02b16-dbf0-46db-8588-f6d161018ea1	2a557cae-3241-4c06-a07f-d50c58e64ea8.mirbase21.mirnas.quantification.txt	Transcriptome Profiling	miRNA Expression Quantification	TCGA-LIHC	TCGA-DD-AACS	TCGA-DD-AACS-01A	Primary Tumor
92b0ba4d-06d9-4b76-8e4f-13d3d1ac9b60	d93c366b-83c1-4b88-9c8a-c9cf38781807.mirbase21.mirnas.quantification.txt	Transcriptome Profiling	miRNA Expression Quantification	TCGA-LIHC	TCGA-FV-A495	TCGA-FV-A495-01A	Primary Tumor
cb08a98b-5a79-4fb1-937a-67b1b83a66a9	c1c3e084-2f21-4e22-978d-67d4d119898c.mirbase21.mirnas.quantification.txt	Transcriptome Profiling	miRNA Expression Quantification	TCGA-LIHC	TCGA-CC-A7IE	TCGA-CC-A7IE-01A	Primary Tumor
b20ed32a-c0d3-4b0c-94b0-61e9204117ab	72184b26-6781-483e-ad23-f8dfdb6e793b.mirbase21.mirnas.quantification.txt	Transcriptome Profiling	miRNA Expression Quantification	TCGA-LIHC	TCGA-CC-5258	TCGA-CC-5258-01A	Primary Tumor
8dacbd77-570d-46c2-a08a-d80713afa011	18912712-285a-4063-9e71-c78b24fe2473.mirbase21.mirnas.quantification.txt	Transcriptome Profiling	miRNA Expression Quantification	TCGA-LIHC	TCGA-FV-A2QR	TCGA-FV-A2QR-11A	Solid Tissue Normal
9cbc0b98-2394-45e3-a5a5-c83d9c9c16c8	271f459e-7601-4223-9f2e-2633b7434566.mirbase21.mirnas.quantification.txt	Transcriptome Profiling	miRNA Expression Quantification	TCGA-LIHC	TCGA-DD-AA3A	TCGA-DD-AA3A-01A	Primary Tumor
8a259b5b-96d7-45b7-abbe-b0bb2e78b6f9	f2072ee7-8f82-46a3-a941-bd9ce06c16b4.mirbase21.mirnas.quantification.txt	Transcriptome Profiling	miRNA Expression Quantification	TCGA-LIHC	TCGA-DD-A11B	TCGA-DD-A11B-11A	Solid Tissue Normal
fb0b1cdc-3000-4e54-af93-d1324c12e8df	6cbec671-f495-42de-be76-51c92313e4a3.mirbase21.mirnas.quantification.txt	Transcriptome Profiling	miRNA Expression Quantification	TCGA-LIHC	TCGA-DD-AAD2	TCGA-DD-AAD2-01A	Primary Tumor
c58b3164-50ff-4a59-884a-fd8f7a3e7fc2	6a977249-94ab-48da-9668-f69f8465396a.mirbase21.mirnas.quantification.txt	Transcriptome Profiling	miRNA Expression Quantification	TCGA-LIHC	TCGA-DD-AACF	TCGA-DD-AACF-01A	Primary Tumor
516edc07-1cba-422f-b7b6-1e17796f5533	500ea92a-9419-4b24-9872-2ea52caa57f6.mirbase21.mirnas.quantification.txt	Transcriptome Profiling	miRNA Expression Quantification	TCGA-LIHC	TCGA-LG-A9QC	TCGA-LG-A9QC-01A	Primary Tumor
bf73d10f-9239-4ca0-a9dd-9fd69f7dc03a	ecdc85cf-62a3-4620-ab6d-a0d493b8378f.mirbase21.mirnas.quantification.txt	Transcriptome Profiling	miRNA Expression Quantification	TCGA-LIHC	TCGA-G3-A25S	TCGA-G3-A25S-01A	Primary Tumor
6e7724b1-0e5d-476e-a823-f24febb3da5c	38927918-4429-41ba-acab-0b033f03fbdb.mirbase21.mirnas.quantification.txt	Transcriptome Profiling	miRNA Expression Quantification	TCGA-LIHC	TCGA-BC-A10U	TCGA-BC-A10U-01A	Primary Tumor
7d1c0992-312f-46f0-99a7-8a906400d029	74ba733b-d534-4acf-8b41-aed84a626897.mirbase21.mirnas.quantification.txt	Transcriptome Profiling	miRNA Expression Quantification	TCGA-LIHC	TCGA-DD-A3A5	TCGA-DD-A3A5-11A	Solid Tissue Normal
1fd634cc-f322-4294-8f84-c1d36f1bd926	3964db61-d2f1-43c1-ae2d-76be0e2908a4.mirbase21.mirnas.quantification.txt	Transcriptome Profiling	miRNA Expression Quantification	TCGA-LIHC	TCGA-MR-A8JO	TCGA-MR-A8JO-01A	Primary Tumor
20ca035a-6bfa-4daa-bec8-5cdfc1449025	17a97808-a8f7-4c49-a471-46ac9c44540f.mirbase21.mirnas.quantification.txt	Transcriptome Profiling	miRNA Expression Quantification	TCGA-LIHC	TCGA-DD-A39W	TCGA-DD-A39W-01A	Primary Tumor
c8da87d7-c996-4cb2-8308-978fb5eab0ed	eab498eb-bd1e-4044-9a20-1299b7cfa505.mirbase21.mirnas.quantification.txt	Transcriptome Profiling	miRNA Expression Quantification	TCGA-LIHC	TCGA-ZP-A9D2	TCGA-ZP-A9D2-01A	Primary Tumor
66630370-9376-4f56-9a5f-278a0f483cea	a56674bc-71b0-47e2-9cf5-3a312e81ec0a.mirbase21.mirnas.quantification.txt	Transcriptome Profiling	miRNA Expression Quantification	TCGA-LIHC	TCGA-G3-A7M8	TCGA-G3-A7M8-01A	Primary Tumor
43ecb481-c1de-4e55-9b15-d7e4dc5252e4	0359e426-0a77-4137-85ae-cab8e0030ff1.mirbase21.mirnas.quantification.txt	Transcriptome Profiling	miRNA Expression Quantification	TCGA-LIHC	TCGA-BC-A112	TCGA-BC-A112-01A	Primary Tumor
671c755a-4fcb-4080-8177-571b3d8a36f7	df784dda-e12d-48c2-9d47-278abd464cc0.mirbase21.mirnas.quantification.txt	Transcriptome Profiling	miRNA Expression Quantification	TCGA-LIHC	TCGA-DD-AAEH	TCGA-DD-AAEH-01A	Primary Tumor
f86b2189-4098-40c9-b69a-48310ee87885	6ec36b37-f3f8-44cc-8306-14581b78222b.mirbase21.mirnas.quantification.txt	Transcriptome Profiling	miRNA Expression Quantification	TCGA-LIHC	TCGA-HP-A5MZ	TCGA-HP-A5MZ-01A	Primary Tumor
bc4b1195-093b-400c-8c44-c7b349b3d169	943c6db7-635b-42bf-919d-c5698d69d3f7.mirbase21.mirnas.quantification.txt	Transcriptome Profiling	miRNA Expression Quantification	TCGA-LIHC	TCGA-G3-A25Y	TCGA-G3-A25Y-01A	Primary Tumor
7e2f908f-f453-4895-9543-7e6de9225251	0d58136c-c8b2-464d-82dc-015ce228e44d.mirbase21.mirnas.quantification.txt	Transcriptome Profiling	miRNA Expression Quantification	TCGA-LIHC	TCGA-BC-A69H	TCGA-BC-A69H-01A	Primary Tumor
f70f57e2-b48a-47f7-bbcc-10799f66d829	32ad6800-b6d0-43d4-bf5e-332ab2927739.mirbase21.mirnas.quantification.txt	Transcriptome Profiling	miRNA Expression Quantification	TCGA-LIHC	TCGA-DD-A1EG	TCGA-DD-A1EG-01A	Primary Tumor
aac76f6d-0fb6-4560-a11a-fad5bcd8e96a	8dab0c1c-714d-41e8-9632-c415a6f75a37.mirbase21.mirnas.quantification.txt	Transcriptome Profiling	miRNA Expression Quantification	TCGA-LIHC	TCGA-2Y-A9H5	TCGA-2Y-A9H5-01A	Primary Tumor
6318731e-18af-453b-b5bf-d0f6b62939d1	97640a9e-59b7-4f5d-a654-c6893e4fa416.mirbase21.mirnas.quantification.txt	Transcriptome Profiling	miRNA Expression Quantification	TCGA-LIHC	TCGA-DD-A1EF	TCGA-DD-A1EF-01A	Primary Tumor
57bd2592-cd74-413f-bf7a-06a9a1b9d165	5646ff33-83b9-4339-86e6-957c3bb3dbe2.mirbase21.mirnas.quantification.txt	Transcriptome Profiling	miRNA Expression Quantification	TCGA-LIHC	TCGA-KR-A7K8	TCGA-KR-A7K8-01A	Primary Tumor
d33e2c3c-5198-4299-8fdb-2ddad90e3bd1	1a251feb-6ab7-4f0c-af70-1982f1d844ee.mirbase21.mirnas.quantification.txt	Transcriptome Profiling	miRNA Expression Quantification	TCGA-LIHC	TCGA-DD-AAD6	TCGA-DD-AAD6-01A	Primary Tumor
cb78a03b-0e4e-4daf-b642-69767dae0a9f	bc0b410a-3426-46dc-adaf-317a79fc5347.mirbase21.mirnas.quantification.txt	Transcriptome Profiling	miRNA Expression Quantification	TCGA-LIHC	TCGA-DD-A73B	TCGA-DD-A73B-01A	Primary Tumor
449cdcd7-807d-4dcb-8bc7-eec3e53828f1	e64cb35d-cd67-41c0-8795-5b32c02d997a.mirbase21.mirnas.quantification.txt	Transcriptome Profiling	miRNA Expression Quantification	TCGA-LIHC	TCGA-EP-A2KA	TCGA-EP-A2KA-01A	Primary Tumor
880a5307-883e-42df-8779-8ccac1c4f0e3	2b9e6cab-267c-4b13-bda5-6c2795648419.mirbase21.mirnas.quantification.txt	Transcriptome Profiling	miRNA Expression Quantification	TCGA-LIHC	TCGA-K7-A5RG	TCGA-K7-A5RG-01A	Primary Tumor
9020c473-5ec2-4bfe-9ac5-b9a3852fe011	40d03dfc-1661-482b-9e7a-bf9bc9199f4c.mirbase21.mirnas.quantification.txt	Transcriptome Profiling	miRNA Expression Quantification	TCGA-LIHC	TCGA-CC-5263	TCGA-CC-5263-01A	Primary Tumor
9f383f1a-a324-41f4-bd3b-be7f3d17aa0f	daa97789-dc09-463b-93a4-c0a70a1bf829.mirbase21.mirnas.quantification.txt	Transcriptome Profiling	miRNA Expression Quantification	TCGA-LIHC	TCGA-DD-A1EC	TCGA-DD-A1EC-01A	Primary Tumor
cb1e489f-adce-4a61-939e-dd2e0d219d42	7e544e23-5e93-4444-9938-088e11af1e45.mirbase21.mirnas.quantification.txt	Transcriptome Profiling	miRNA Expression Quantification	TCGA-LIHC	TCGA-BC-A110	TCGA-BC-A110-11A	Solid Tissue Normal
e004597c-218d-4662-853f-bd290f6b5f83	bf3dc47f-18db-4c48-afc9-8683324e8aba.mirbase21.mirnas.quantification.txt	Transcriptome Profiling	miRNA Expression Quantification	TCGA-LIHC	TCGA-BC-A10W	TCGA-BC-A10W-11A	Solid Tissue Normal
567182d5-9efc-4493-a2a5-33028fb1e561	a2de32df-8442-4a1b-baf6-6dabcfd85c17.mirbase21.mirnas.quantification.txt	Transcriptome Profiling	miRNA Expression Quantification	TCGA-LIHC	TCGA-EP-A2KC	TCGA-EP-A2KC-01A	Primary Tumor
f28379b6-eada-48a8-9a71-1075f75f4a1c	adcaa95e-63a9-4fe5-9f1b-7691806a5e09.mirbase21.mirnas.quantification.txt	Transcriptome Profiling	miRNA Expression Quantification	TCGA-LIHC	TCGA-UB-AA0V	TCGA-UB-AA0V-01A	Primary Tumor
928494ee-e371-4af8-9bc1-2140c2d264ec	a9898557-6648-4f33-aec5-30a4466826fb.mirbase21.mirnas.quantification.txt	Transcriptome Profiling	miRNA Expression Quantification	TCGA-LIHC	TCGA-2Y-A9GS	TCGA-2Y-A9GS-01A	Primary Tumor
18794424-7684-4021-8c7d-ad39ec7360fd	5ea09d8e-b18f-4ac6-8f56-a4804ac268c5.mirbase21.mirnas.quantification.txt	Transcriptome Profiling	miRNA Expression Quantification	TCGA-LIHC	TCGA-ED-A7XP	TCGA-ED-A7XP-01A	Primary Tumor
a314fa5f-5a1f-4c71-9fbe-bdd4cab520d0	5a91b852-33c5-4b9d-9a66-556225bc37ff.mirbase21.mirnas.quantification.txt	Transcriptome Profiling	miRNA Expression Quantification	TCGA-LIHC	TCGA-BC-A216	TCGA-BC-A216-01A	Primary Tumor
cabad780-503a-4c7c-a3a1-db9ed6e2957e	ed7def30-5c70-4235-a8b1-0d780fd9db93.mirbase21.mirnas.quantification.txt	Transcriptome Profiling	miRNA Expression Quantification	TCGA-LIHC	TCGA-G3-A7M7	TCGA-G3-A7M7-01A	Primary Tumor
1e8dd169-ceda-4d09-ba18-91419089d0d9	52832743-dae0-4e46-bc29-c70f461a5e60.mirbase21.mirnas.quantification.txt	Transcriptome Profiling	miRNA Expression Quantification	TCGA-LIHC	TCGA-ED-A459	TCGA-ED-A459-01A	Primary Tumor
18a69d06-66e2-4592-a330-61874a61a887	86e6bb39-2e99-460d-98a0-5cd1fe4f0927.mirbase21.mirnas.quantification.txt	Transcriptome Profiling	miRNA Expression Quantification	TCGA-LIHC	TCGA-BD-A2L6	TCGA-BD-A2L6-01A	Primary Tumor
421055a3-b21b-4f5b-8732-243b1e08eca5	93e57b40-82ef-4723-bb9e-eacbb0011e01.mirbase21.mirnas.quantification.txt	Transcriptome Profiling	miRNA Expression Quantification	TCGA-LIHC	TCGA-CC-A8HT	TCGA-CC-A8HT-01A	Primary Tumor
9f387219-f8a1-4631-837b-1ee2f048c7a1	8ebaac55-efbf-4abe-a616-3fb5853be418.mirbase21.mirnas.quantification.txt	Transcriptome Profiling	miRNA Expression Quantification	TCGA-LIHC	TCGA-CC-A9FW	TCGA-CC-A9FW-01A	Primary Tumor
a9a7ce57-31ba-43ae-aea6-40acb0466994	e506c101-f715-4ec6-97e0-c06b57b1aa4b.mirbase21.mirnas.quantification.txt	Transcriptome Profiling	miRNA Expression Quantification	TCGA-LIHC	TCGA-DD-AAW1	TCGA-DD-AAW1-01A	Primary Tumor
c64e50ab-764d-4546-86f2-61ca35edaa45	c0d60dd9-776e-4c40-8898-179e14d597a4.mirbase21.mirnas.quantification.txt	Transcriptome Profiling	miRNA Expression Quantification	TCGA-LIHC	TCGA-MI-A75G	TCGA-MI-A75G-01A	Primary Tumor
40416e94-b077-4a7c-857f-e8fa1d79b275	82a5b0fa-7a93-42f4-a9da-c195998203bf.mirbase21.mirnas.quantification.txt	Transcriptome Profiling	miRNA Expression Quantification	TCGA-LIHC	TCGA-GJ-A9DB	TCGA-GJ-A9DB-01A	Primary Tumor
aa57d20d-1ef1-4f7c-8ae1-46ae2eb3c0e3	ea44663a-8213-475a-96a7-388a1336d8ba.mirbase21.mirnas.quantification.txt	Transcriptome Profiling	miRNA Expression Quantification	TCGA-LIHC	TCGA-RC-A7S9	TCGA-RC-A7S9-01A	Primary Tumor
945142e3-0559-423d-87e9-07dd47d61b1a	849d7c70-bab7-481c-8eb9-084268a5a197.mirbase21.mirnas.quantification.txt	Transcriptome Profiling	miRNA Expression Quantification	TCGA-LIHC	TCGA-G3-A3CJ	TCGA-G3-A3CJ-01A	Primary Tumor
759c9a20-3456-4466-ace6-a929c63a6239	45f7ed20-6d17-4bbd-b526-bf0a7f3a30f3.mirbase21.mirnas.quantification.txt	Transcriptome Profiling	miRNA Expression Quantification	TCGA-LIHC	TCGA-DD-AAW0	TCGA-DD-AAW0-01A	Primary Tumor
fed150f7-ff0e-4750-8798-a82d4684793d	f0028780-8670-4888-88da-8f2376777cc1.mirbase21.mirnas.quantification.txt	Transcriptome Profiling	miRNA Expression Quantification	TCGA-LIHC	TCGA-FV-A3I0	TCGA-FV-A3I0-11A	Solid Tissue Normal
b989e708-1718-4eb4-aa2c-1ee2a2b57dae	58e3480f-4db5-4661-9e5f-6fcf020c255b.mirbase21.mirnas.quantification.txt	Transcriptome Profiling	miRNA Expression Quantification	TCGA-LIHC	TCGA-ED-A627	TCGA-ED-A627-01A	Primary Tumor
4958884f-99d7-4a91-b7d8-ae6a625617b8	a72cdedb-9447-4204-9966-7d92e2bd318f.mirbase21.mirnas.quantification.txt	Transcriptome Profiling	miRNA Expression Quantification	TCGA-LIHC	TCGA-RC-A6M5	TCGA-RC-A6M5-01A	Primary Tumor
0e49336b-5f81-433d-b161-d0519832a0b7	4e4dfc8e-ed7b-4876-b65b-0e18427fa897.mirbase21.mirnas.quantification.txt	Transcriptome Profiling	miRNA Expression Quantification	TCGA-LIHC	TCGA-DD-A3A1	TCGA-DD-A3A1-01A	Primary Tumor
dfde62e0-df1b-4734-b779-25554f8928a4	a85e4244-3af2-4b71-9a1a-40691e6fd63a.mirbase21.mirnas.quantification.txt	Transcriptome Profiling	miRNA Expression Quantification	TCGA-LIHC	TCGA-CC-A1HT	TCGA-CC-A1HT-01A	Primary Tumor
35b06bfc-9ebb-47e5-b4da-fffadfa67f18	80c2311b-57f0-41b9-a066-f36310e34c93.mirbase21.mirnas.quantification.txt	Transcriptome Profiling	miRNA Expression Quantification	TCGA-LIHC	TCGA-BC-A8YO	TCGA-BC-A8YO-01A	Primary Tumor
a5102823-4cd1-46c8-a9f0-8f6975e4c62a	1c56012f-ac4e-4385-8db0-d6b99d932dca.mirbase21.mirnas.quantification.txt	Transcriptome Profiling	miRNA Expression Quantification	TCGA-LIHC	TCGA-DD-AACL	TCGA-DD-AACL-01A	Primary Tumor
8f2447b4-238d-4fe0-b815-ced58465cc94	8ca147a7-72f8-4f1a-97ee-83d7f056ed0a.mirbase21.mirnas.quantification.txt	Transcriptome Profiling	miRNA Expression Quantification	TCGA-LIHC	TCGA-2Y-A9GU	TCGA-2Y-A9GU-01A	Primary Tumor
db9a9f8e-3e72-4a66-a128-6a92434ca365	e99c958b-8470-4cce-a431-8bb4575797b0.mirbase21.mirnas.quantification.txt	Transcriptome Profiling	miRNA Expression Quantification	TCGA-LIHC	TCGA-DD-A4NO	TCGA-DD-A4NO-01A	Primary Tumor
83cbc0f0-6918-467f-94c5-346be855b706	c8b127d4-c7c0-4d10-b5f5-fac6b08a54e0.mirbase21.mirnas.quantification.txt	Transcriptome Profiling	miRNA Expression Quantification	TCGA-LIHC	TCGA-CC-A3MC	TCGA-CC-A3MC-01A	Primary Tumor
c46086c5-2670-4621-9212-6c63380ecd38	7ad6fce7-22f0-4da1-8d9e-c4f6968fb606.mirbase21.mirnas.quantification.txt	Transcriptome Profiling	miRNA Expression Quantification	TCGA-LIHC	TCGA-CC-5259	TCGA-CC-5259-01A	Primary Tumor
7b742c77-0398-4ca3-8a38-dfad1ad913be	1eb9f5e8-9ac3-454b-8c63-d4040d87eb2e.mirbase21.mirnas.quantification.txt	Transcriptome Profiling	miRNA Expression Quantification	TCGA-LIHC	TCGA-DD-A39Y	TCGA-DD-A39Y-01A	Primary Tumor
63259978-9b38-45f2-9526-0c7d74c6b974	83710382-1a90-40ba-a7dc-83a298093892.mirbase21.mirnas.quantification.txt	Transcriptome Profiling	miRNA Expression Quantification	TCGA-LIHC	TCGA-DD-AACO	TCGA-DD-AACO-01A	Primary Tumor
602646fb-a3fd-40eb-a9da-0c61a0642658	3576181c-00cb-4ced-a01e-98e36c5ccb47.mirbase21.mirnas.quantification.txt	Transcriptome Profiling	miRNA Expression Quantification	TCGA-LIHC	TCGA-UB-A7MD	TCGA-UB-A7MD-01A	Primary Tumor
258bcdc7-0bf6-46f5-bd3a-0e929ffa408e	6b1023dc-6b32-414d-a5c2-3afa7b99e72a.mirbase21.mirnas.quantification.txt	Transcriptome Profiling	miRNA Expression Quantification	TCGA-LIHC	TCGA-CC-A9FU	TCGA-CC-A9FU-01A	Primary Tumor
8c59d90e-1ed1-4749-88ac-069fc0f6ca9c	0226e845-59fc-4009-9a8d-dc5bd823c072.mirbase21.mirnas.quantification.txt	Transcriptome Profiling	miRNA Expression Quantification	TCGA-LIHC	TCGA-CC-5262	TCGA-CC-5262-01A	Primary Tumor
8dcd596e-9c03-4cd3-b279-2ad19cbab4fa	b3c65989-3437-43f4-a60e-3c83ef8bfe11.mirbase21.mirnas.quantification.txt	Transcriptome Profiling	miRNA Expression Quantification	TCGA-LIHC	TCGA-WX-AA46	TCGA-WX-AA46-01A	Primary Tumor
da590af9-aa07-4396-aa16-1ee19c0b3fae	61e3dd1f-0928-4e9b-9cdf-88521223011f.mirbase21.mirnas.quantification.txt	Transcriptome Profiling	miRNA Expression Quantification	TCGA-LIHC	TCGA-2Y-A9H8	TCGA-2Y-A9H8-01A	Primary Tumor
9706f211-7517-46b6-ad09-176b595fefb2	b9c3eb5c-c32b-49f8-8842-b7c4bb3ac617.mirbase21.mirnas.quantification.txt	Transcriptome Profiling	miRNA Expression Quantification	TCGA-LIHC	TCGA-BC-A10Z	TCGA-BC-A10Z-01A	Primary Tumor
e7cb7b7d-0b57-4519-ad0e-be945557618a	a40b7a69-5437-4c6a-b84c-df44cd389c2d.mirbase21.mirnas.quantification.txt	Transcriptome Profiling	miRNA Expression Quantification	TCGA-LIHC	TCGA-XR-A8TE	TCGA-XR-A8TE-01A	Primary Tumor
78fd8331-6dce-42b0-8e79-ddc0fac0f3a6	b5e433b6-600f-44f7-9b75-5647ec0aa9d8.mirbase21.mirnas.quantification.txt	Transcriptome Profiling	miRNA Expression Quantification	TCGA-LIHC	TCGA-DD-A1EB	TCGA-DD-A1EB-11A	Solid Tissue Normal
549b1e08-c057-4ca6-ae37-1d649de556cf	dcce94e4-c58a-413b-9997-2926da57c1a0.mirbase21.mirnas.quantification.txt	Transcriptome Profiling	miRNA Expression Quantification	TCGA-LIHC	TCGA-3K-AAZ8	TCGA-3K-AAZ8-01A	Primary Tumor
cd317c08-f06b-446e-a1c8-dfbe8fcda093	e15f71db-2d5a-4c5b-87f7-9116e6438696.mirbase21.mirnas.quantification.txt	Transcriptome Profiling	miRNA Expression Quantification	TCGA-LIHC	TCGA-DD-A4ND	TCGA-DD-A4ND-01A	Primary Tumor
4c8c3be7-afac-4ab7-b80d-026943410277	c9ed9784-8393-4df6-8f37-a5be03669c3d.mirbase21.mirnas.quantification.txt	Transcriptome Profiling	miRNA Expression Quantification	TCGA-LIHC	TCGA-DD-A1EL	TCGA-DD-A1EL-01A	Primary Tumor
b7e807b4-2b9c-4ad8-a154-2299accad801	2efef94c-4889-4a1b-942c-aea0f71399b2.mirbase21.mirnas.quantification.txt	Transcriptome Profiling	miRNA Expression Quantification	TCGA-LIHC	TCGA-DD-A11D	TCGA-DD-A11D-11A	Solid Tissue Normal
0622e467-b106-4fea-a516-fe2d62acf6ac	a283a0b1-5017-46a4-887e-61d252d0852c.mirbase21.mirnas.quantification.txt	Transcriptome Profiling	miRNA Expression Quantification	TCGA-LIHC	TCGA-ED-A66Y	TCGA-ED-A66Y-01A	Primary Tumor
fd509a9b-e17d-474d-9cda-d9321653f187	26430cf4-543a-425c-99ad-f2897a850aea.mirbase21.mirnas.quantification.txt	Transcriptome Profiling	miRNA Expression Quantification	TCGA-LIHC	TCGA-DD-AAEG	TCGA-DD-AAEG-01A	Primary Tumor
cc2cc58d-f7a9-4c9a-8d4d-43236f3372be	9a24b33a-33e4-4bba-81be-cc37f5bd7e8f.mirbase21.mirnas.quantification.txt	Transcriptome Profiling	miRNA Expression Quantification	TCGA-LIHC	TCGA-DD-A4NA	TCGA-DD-A4NA-01A	Primary Tumor
1b9580e5-8f5b-439f-a6b4-224f2bbd01ee	a16ad38a-6ee4-4a87-a12a-56cd0acd3518.mirbase21.mirnas.quantification.txt	Transcriptome Profiling	miRNA Expression Quantification	TCGA-LIHC	TCGA-ED-A7XO	TCGA-ED-A7XO-01A	Primary Tumor
c8109b66-0b67-43ec-b994-bb1727d517c5	6bd6a451-df95-439e-8e6f-b802716ad6fe.mirbase21.mirnas.quantification.txt	Transcriptome Profiling	miRNA Expression Quantification	TCGA-LIHC	TCGA-DD-AAVY	TCGA-DD-AAVY-01A	Primary Tumor
cb160fb6-f9d0-4ee8-932b-617e4805a0da	c874a1f0-4a23-4772-887a-72208c711c64.mirbase21.mirnas.quantification.txt	Transcriptome Profiling	miRNA Expression Quantification	TCGA-LIHC	TCGA-DD-AACA	TCGA-DD-AACA-02B	Recurrent Tumor
959de0a9-8caa-4176-bde6-9bff8047ae16	1bbd61b2-e53c-4253-b21a-64476da33b76.mirbase21.mirnas.quantification.txt	Transcriptome Profiling	miRNA Expression Quantification	TCGA-LIHC	TCGA-DD-AACT	TCGA-DD-AACT-01A	Primary Tumor
1189b523-ad9e-4bcd-a926-520e53739e65	af206222-82e9-498c-9bd1-23d68cf30e64.mirbase21.mirnas.quantification.txt	Transcriptome Profiling	miRNA Expression Quantification	TCGA-LIHC	TCGA-DD-AAC8	TCGA-DD-AAC8-01A	Primary Tumor
af76b53e-a74b-4615-a8ee-461603835845	e48b2770-6f4e-4b3c-9a65-7f9d8a9b6124.mirbase21.mirnas.quantification.txt	Transcriptome Profiling	miRNA Expression Quantification	TCGA-LIHC	TCGA-G3-AAUZ	TCGA-G3-AAUZ-01A	Primary Tumor
097683f7-5d91-4107-a5b7-1e5ffc2039b7	802d73fc-b3e8-4eb0-ae3e-16db43c7c207.mirbase21.mirnas.quantification.txt	Transcriptome Profiling	miRNA Expression Quantification	TCGA-LIHC	TCGA-G3-A3CH	TCGA-G3-A3CH-01A	Primary Tumor
bef67f20-b093-4bdd-aecd-cadf2feb0d20	cde91b00-ef02-4bf7-ba86-cea7b09ad1b8.mirbase21.mirnas.quantification.txt	Transcriptome Profiling	miRNA Expression Quantification	TCGA-LIHC	TCGA-FV-A496	TCGA-FV-A496-01A	Primary Tumor
6dbc80ae-bb9b-4d9f-9b61-fa27e02d53ba	60138250-ac3b-49ae-b41a-ddfea66833c4.mirbase21.mirnas.quantification.txt	Transcriptome Profiling	miRNA Expression Quantification	TCGA-LIHC	TCGA-DD-A39Z	TCGA-DD-A39Z-01A	Primary Tumor
6f2f93ea-d56f-49a5-a7b4-f46cf7339d2c	56d1bce5-12cf-4634-8031-71cbe49cdc87.mirbase21.mirnas.quantification.txt	Transcriptome Profiling	miRNA Expression Quantification	TCGA-LIHC	TCGA-DD-A4NR	TCGA-DD-A4NR-01A	Primary Tumor
a14e24f0-5fc4-4ec1-905b-57c5023fd21e	efbb2c7f-fc73-4115-a161-b76fec920b49.mirbase21.mirnas.quantification.txt	Transcriptome Profiling	miRNA Expression Quantification	TCGA-LIHC	TCGA-DD-AADW	TCGA-DD-AADW-01A	Primary Tumor
58983bc6-136a-48ad-ae29-936fd18a2f62	be1cbfe1-c7af-413f-ab60-3b3c23bdd8f7.mirbase21.mirnas.quantification.txt	Transcriptome Profiling	miRNA Expression Quantification	TCGA-LIHC	TCGA-ES-A2HT	TCGA-ES-A2HT-11A	Solid Tissue Normal
548c1310-b3b7-4bca-866e-8a242a2e9ab0	5fad541b-0a85-4569-a998-0c85783d2b6d.mirbase21.mirnas.quantification.txt	Transcriptome Profiling	miRNA Expression Quantification	TCGA-LIHC	TCGA-2Y-A9GW	TCGA-2Y-A9GW-01A	Primary Tumor
f475c32a-5b54-470a-b11e-865d20af3eec	96cba414-a0c4-4699-85ea-22dce0c73355.mirbase21.mirnas.quantification.txt	Transcriptome Profiling	miRNA Expression Quantification	TCGA-LIHC	TCGA-DD-A3A2	TCGA-DD-A3A2-01A	Primary Tumor
64558d7b-8157-42c5-a7ee-722736ee9a32	667d4cd7-8532-41e8-a66c-1da3740604f4.mirbase21.mirnas.quantification.txt	Transcriptome Profiling	miRNA Expression Quantification	TCGA-LIHC	TCGA-5R-AA1C	TCGA-5R-AA1C-01A	Primary Tumor
b470f35a-3b58-40e1-85d6-4c8da47ba41f	d5f883b0-f230-4afb-bcbb-68d9310afc1b.mirbase21.mirnas.quantification.txt	Transcriptome Profiling	miRNA Expression Quantification	TCGA-LIHC	TCGA-DD-AAVR	TCGA-DD-AAVR-01A	Primary Tumor
686135d2-0ba4-4fa9-baa6-94f3801cb20b	9b0502d5-f003-48e3-b936-c688800758fe.mirbase21.mirnas.quantification.txt	Transcriptome Profiling	miRNA Expression Quantification	TCGA-LIHC	TCGA-DD-AAVS	TCGA-DD-AAVS-01A	Primary Tumor
a505f095-8bc4-4191-92bf-e47e4ece69e0	9895d0e5-e30f-434f-9839-ac6f727832fe.mirbase21.mirnas.quantification.txt	Transcriptome Profiling	miRNA Expression Quantification	TCGA-LIHC	TCGA-BC-4073	TCGA-BC-4073-01B	Primary Tumor
349b5262-bc60-47d0-8c1f-36990f455ffe	b9c836ee-4178-4200-a770-df35e8b108d8.mirbase21.mirnas.quantification.txt	Transcriptome Profiling	miRNA Expression Quantification	TCGA-LIHC	TCGA-DD-A11D	TCGA-DD-A11D-01A	Primary Tumor
101f1660-314b-433e-825f-2931991d6824	ea66d60b-c21a-4899-997e-e54b733673a5.mirbase21.mirnas.quantification.txt	Transcriptome Profiling	miRNA Expression Quantification	TCGA-LIHC	TCGA-DD-A39W	TCGA-DD-A39W-11A	Solid Tissue Normal
e80b5bbc-48cf-445e-aeae-1930729e078a	248a77b0-118c-4097-b6ea-5550f11fc304.mirbase21.mirnas.quantification.txt	Transcriptome Profiling	miRNA Expression Quantification	TCGA-LIHC	TCGA-DD-AACQ	TCGA-DD-AACQ-01A	Primary Tumor
a5c42074-421b-47c9-94c0-2f51bdc5453d	b5ca2ac1-447b-47af-8481-14ab6b367020.mirbase21.mirnas.quantification.txt	Transcriptome Profiling	miRNA Expression Quantification	TCGA-LIHC	TCGA-G3-AAV4	TCGA-G3-AAV4-01A	Primary Tumor
d1476b2d-d010-436d-b595-ee7a89c0337b	8a06b6b5-2dca-4127-adb3-4a5a325b844c.mirbase21.mirnas.quantification.txt	Transcriptome Profiling	miRNA Expression Quantification	TCGA-LIHC	TCGA-RC-A6M3	TCGA-RC-A6M3-01A	Primary Tumor
fa88f45c-62c0-43eb-8efe-dd76b71153cd	369005cb-f8ec-47b0-b0c5-78b6c96419db.mirbase21.mirnas.quantification.txt	Transcriptome Profiling	miRNA Expression Quantification	TCGA-LIHC	TCGA-DD-AACV	TCGA-DD-AACV-01A	Primary Tumor
402b7148-f36c-4e7c-b680-f0d0cf32e09b	3ec71687-7091-4bc3-9d68-eb400ee34eb8.mirbase21.mirnas.quantification.txt	Transcriptome Profiling	miRNA Expression Quantification	TCGA-LIHC	TCGA-CC-A8HU	TCGA-CC-A8HU-01A	Primary Tumor
43d1d6e0-238d-45bd-be4f-02e55542ce0b	7b657360-fb03-46da-ad9f-bec8a929dfe8.mirbase21.mirnas.quantification.txt	Transcriptome Profiling	miRNA Expression Quantification	TCGA-LIHC	TCGA-DD-AADC	TCGA-DD-AADC-01A	Primary Tumor
f2893f57-7c04-4a08-89d7-3ca4d268cdea	d0378554-ee39-4846-b1c1-1249b1725d2d.mirbase21.mirnas.quantification.txt	Transcriptome Profiling	miRNA Expression Quantification	TCGA-LIHC	TCGA-FV-A4ZP	TCGA-FV-A4ZP-01A	Primary Tumor
41dfaaf7-8733-485b-a81a-e8ed8ee19db5	b10f89c0-3a9a-4b2f-b953-f2ca72741f14.mirbase21.mirnas.quantification.txt	Transcriptome Profiling	miRNA Expression Quantification	TCGA-LIHC	TCGA-BC-4072	TCGA-BC-4072-01B	Primary Tumor
5a1eb29c-27f4-4fdd-be1a-66ea252e8a7a	8e297689-1dd3-4d5f-8893-484abf3d0147.mirbase21.mirnas.quantification.txt	Transcriptome Profiling	miRNA Expression Quantification	TCGA-LIHC	TCGA-ES-A2HS	TCGA-ES-A2HS-01A	Primary Tumor
af6e99f0-9d34-4f1d-8ec8-1920a37ff527	6308fe4c-f116-4331-a353-4beef7e208c0.mirbase21.mirnas.quantification.txt	Transcriptome Profiling	miRNA Expression Quantification	TCGA-LIHC	TCGA-QA-A7B7	TCGA-QA-A7B7-01A	Primary Tumor
59740fb1-5896-45eb-be29-68fd8ae4be78	770c43b0-60c4-463c-b3f3-e64f6abc62a3.mirbase21.mirnas.quantification.txt	Transcriptome Profiling	miRNA Expression Quantification	TCGA-LIHC	TCGA-ED-A7PZ	TCGA-ED-A7PZ-01A	Primary Tumor
a3354846-e132-455b-b024-297b16a2c2bc	910c28fe-5ca7-4930-804d-ecaadacf55c8.mirbase21.mirnas.quantification.txt	Transcriptome Profiling	miRNA Expression Quantification	TCGA-LIHC	TCGA-DD-AAD1	TCGA-DD-AAD1-01A	Primary Tumor
d391f7a0-d783-4d96-8b30-85b6b3c65a7c	58246d31-2921-45b6-a4f8-9f5358fc291a.mirbase21.mirnas.quantification.txt	Transcriptome Profiling	miRNA Expression Quantification	TCGA-LIHC	TCGA-DD-AAEB	TCGA-DD-AAEB-01A	Primary Tumor
9b16b3eb-4b62-4d5a-af13-3182622ef877	3f72e70d-9a02-4e0d-bf6a-54c0571feb6f.mirbase21.mirnas.quantification.txt	Transcriptome Profiling	miRNA Expression Quantification	TCGA-LIHC	TCGA-CC-A8HS	TCGA-CC-A8HS-01A	Primary Tumor
9a02343a-0dca-4c04-80f6-44b7a060ae50	e2b1fa8a-9f03-45fb-b870-abd1df3c5eef.mirbase21.mirnas.quantification.txt	Transcriptome Profiling	miRNA Expression Quantification	TCGA-LIHC	TCGA-DD-A114	TCGA-DD-A114-11A	Solid Tissue Normal
45b4c563-f007-4f72-a397-18cb4f94fd9a	55afd366-3eca-49ab-a17c-fe187111710c.mirbase21.mirnas.quantification.txt	Transcriptome Profiling	miRNA Expression Quantification	TCGA-LIHC	TCGA-DD-AACI	TCGA-DD-AACI-01A	Primary Tumor
94a8eed5-d2bb-43fb-9932-07bb3b18b28d	8c2656f8-a22b-44e4-b1b5-42b376062557.mirbase21.mirnas.quantification.txt	Transcriptome Profiling	miRNA Expression Quantification	TCGA-LIHC	TCGA-FV-A3I1	TCGA-FV-A3I1-11A	Solid Tissue Normal
0fa60991-5ec6-4625-bf79-74a3271344d0	6e21987e-242f-47ad-ae69-b81c99cbe578.mirbase21.mirnas.quantification.txt	Transcriptome Profiling	miRNA Expression Quantification	TCGA-LIHC	TCGA-YA-A8S7	TCGA-YA-A8S7-01A	Primary Tumor
7c3eb7f3-2f1d-4c39-bf0f-6ac27a62d94e	c580b2d1-38be-4af3-8391-b43b6631c85c.mirbase21.mirnas.quantification.txt	Transcriptome Profiling	miRNA Expression Quantification	TCGA-LIHC	TCGA-CC-5261	TCGA-CC-5261-01A	Primary Tumor
6f1b93ea-a157-493f-890c-d55c9bc18a55	acf3d05a-0ca4-4fee-8f07-44b93017b5fd.mirbase21.mirnas.quantification.txt	Transcriptome Profiling	miRNA Expression Quantification	TCGA-LIHC	TCGA-ZP-A9CY	TCGA-ZP-A9CY-01A	Primary Tumor
08b92aea-9a12-4110-93a3-f0939eea9908	15d68565-07c1-48a6-ae7a-c50554117271.mirbase21.mirnas.quantification.txt	Transcriptome Profiling	miRNA Expression Quantification	TCGA-LIHC	TCGA-NI-A4U2	TCGA-NI-A4U2-01A	Primary Tumor
6103a4b6-4427-4329-9177-4d88fc275586	67a5165d-0e1f-4e3b-aaf5-7b1dc1d78c46.mirbase21.mirnas.quantification.txt	Transcriptome Profiling	miRNA Expression Quantification	TCGA-LIHC	TCGA-DD-A1ED	TCGA-DD-A1ED-01A	Primary Tumor
f6775c5e-ce0c-4a3f-96ed-9cafc4c2050d	1feb2941-a2a2-41d3-a86a-b9fa45afeaf8.mirbase21.mirnas.quantification.txt	Transcriptome Profiling	miRNA Expression Quantification	TCGA-LIHC	TCGA-BC-A10T	TCGA-BC-A10T-01A	Primary Tumor
c8c5b015-2974-421f-8372-8a2e9b3d6c6d	2e6b5b0f-4792-4d5f-b35a-c116f287cfe7.mirbase21.mirnas.quantification.txt	Transcriptome Profiling	miRNA Expression Quantification	TCGA-LIHC	TCGA-ED-A8O5	TCGA-ED-A8O5-01A	Primary Tumor
795dd02c-b74a-49a0-9207-ab05188c7ace	a37291cc-6784-4d48-b4a0-27d2350c2dc5.mirbase21.mirnas.quantification.txt	Transcriptome Profiling	miRNA Expression Quantification	TCGA-LIHC	TCGA-DD-A4NF	TCGA-DD-A4NF-01A	Primary Tumor
b76fcbed-d667-496e-9316-a1520e2518cd	b83124e2-38f0-428d-989a-e6739e67c4bc.mirbase21.mirnas.quantification.txt	Transcriptome Profiling	miRNA Expression Quantification	TCGA-LIHC	TCGA-2Y-A9H3	TCGA-2Y-A9H3-01A	Primary Tumor
ef210dce-87cc-4ae4-9c8f-573b9d6ecd7a	ef02342e-9301-464a-9753-3824b47e25ab.mirbase21.mirnas.quantification.txt	Transcriptome Profiling	miRNA Expression Quantification	TCGA-LIHC	TCGA-DD-AACJ	TCGA-DD-AACJ-01A	Primary Tumor
1b4fb31d-6fb7-4ea4-8f89-d43dfce91c29	7cf036ae-7bf7-4234-8ccd-206945bce686.mirbase21.mirnas.quantification.txt	Transcriptome Profiling	miRNA Expression Quantification	TCGA-LIHC	TCGA-DD-A1EI	TCGA-DD-A1EI-01A	Primary Tumor
3989f4b3-5a21-4f12-84b3-c623c3fab1ca	cda2f20a-eefd-4222-8ecb-2dfdec801e34.mirbase21.mirnas.quantification.txt	Transcriptome Profiling	miRNA Expression Quantification	TCGA-LIHC	TCGA-WX-AA47	TCGA-WX-AA47-01A	Primary Tumor
6395061c-b554-4d52-8452-3439081ed29a	00b95bbf-a84b-47c3-9060-60110d92e1eb.mirbase21.mirnas.quantification.txt	Transcriptome Profiling	miRNA Expression Quantification	TCGA-LIHC	TCGA-XR-A8TG	TCGA-XR-A8TG-01A	Primary Tumor
abaa238f-0cc0-45d5-8442-6591eaec8fe0	2408a145-2389-4920-8275-f55028477272.mirbase21.mirnas.quantification.txt	Transcriptome Profiling	miRNA Expression Quantification	TCGA-LIHC	TCGA-DD-A3A2	TCGA-DD-A3A2-11A	Solid Tissue Normal
deb5c341-fbf6-4bec-b1b9-74750913f78a	23f0a16f-a9e0-484b-b605-d98c1bbf3e8b.mirbase21.mirnas.quantification.txt	Transcriptome Profiling	miRNA Expression Quantification	TCGA-LIHC	TCGA-G3-A5SM	TCGA-G3-A5SM-01A	Primary Tumor
1afb7076-a9a0-44b0-806c-78c79aff603d	a17de051-13cf-4141-a4b8-39e9df126ad6.mirbase21.mirnas.quantification.txt	Transcriptome Profiling	miRNA Expression Quantification	TCGA-LIHC	TCGA-DD-AAD8	TCGA-DD-AAD8-01A	Primary Tumor
c1096d0f-d3eb-4f68-bc67-7bed9111d22a	039fa257-824f-4ed9-afef-3eda8149d2d9.mirbase21.mirnas.quantification.txt	Transcriptome Profiling	miRNA Expression Quantification	TCGA-LIHC	TCGA-FV-A4ZQ	TCGA-FV-A4ZQ-01A	Primary Tumor
09df6fb8-c2ec-443d-bc36-c919d095c3c1	62a05ead-a7e0-4dba-ac7e-d55ea3802305.mirbase21.mirnas.quantification.txt	Transcriptome Profiling	miRNA Expression Quantification	TCGA-LIHC	TCGA-2Y-A9H2	TCGA-2Y-A9H2-01A	Primary Tumor
452306f7-acd5-45b5-9f81-0c8f8a97a700	74a33529-dde1-4aa5-849f-c8011c4bc26b.mirbase21.mirnas.quantification.txt	Transcriptome Profiling	miRNA Expression Quantification	TCGA-LIHC	TCGA-DD-A3A4	TCGA-DD-A3A4-01A	Primary Tumor
23ed7548-8ef2-4bf9-bf5b-b696a1f911b6	02d09d16-5e5a-4d9d-963c-5859315e6023.mirbase21.mirnas.quantification.txt	Transcriptome Profiling	miRNA Expression Quantification	TCGA-LIHC	TCGA-DD-AAEI	TCGA-DD-AAEI-01A	Primary Tumor
7a4dac1f-eef4-4e88-b70a-c28c33a6ca57	f972e4dd-a966-48ea-a52f-240084fa7aa9.mirbase21.mirnas.quantification.txt	Transcriptome Profiling	miRNA Expression Quantification	TCGA-LIHC	TCGA-ZP-A9CV	TCGA-ZP-A9CV-01A	Primary Tumor
bd0cc61b-b366-438f-a77c-9ff2bacac5c9	c6b81f67-b1c2-44c7-8f24-85efb08fecef.mirbase21.mirnas.quantification.txt	Transcriptome Profiling	miRNA Expression Quantification	TCGA-LIHC	TCGA-G3-A25V	TCGA-G3-A25V-01A	Primary Tumor
f4b080cb-bbd2-44d3-a9ca-3bbe84713d43	8e323c18-cbaf-4dbc-b6a0-09492c3d4546.mirbase21.mirnas.quantification.txt	Transcriptome Profiling	miRNA Expression Quantification	TCGA-LIHC	TCGA-BC-A10Q	TCGA-BC-A10Q-11A	Solid Tissue Normal
82870e96-25fb-4a46-9536-a30a9c990106	acb7c5d3-9a10-457d-85ec-e5dec820e316.mirbase21.mirnas.quantification.txt	Transcriptome Profiling	miRNA Expression Quantification	TCGA-LIHC	TCGA-BC-A10Z	TCGA-BC-A10Z-11A	Solid Tissue Normal
e5cd00ea-bbb3-4539-ab50-f998debdee66	db9e753d-f9b3-409d-8b18-26c4f8a433c4.mirbase21.mirnas.quantification.txt	Transcriptome Profiling	miRNA Expression Quantification	TCGA-LIHC	TCGA-5R-AAAM	TCGA-5R-AAAM-01A	Primary Tumor
052a2b32-c3cc-4967-b942-1f6272985939	cb2f5baf-965c-4d3a-b3da-ae81a765a573.mirbase21.mirnas.quantification.txt	Transcriptome Profiling	miRNA Expression Quantification	TCGA-LIHC	TCGA-FV-A23B	TCGA-FV-A23B-11A	Solid Tissue Normal
ba970f8c-8e56-4ef1-adcf-8b8a15d6a865	bcb8ac97-0173-475b-aaf6-ab2e7df9bea2.mirbase21.mirnas.quantification.txt	Transcriptome Profiling	miRNA Expression Quantification	TCGA-LIHC	TCGA-DD-AACU	TCGA-DD-AACU-01A	Primary Tumor
a754b539-c8cf-4fe9-90dd-a85938d56e6f	34f04a31-ce87-49c8-88a9-23761b370a79.mirbase21.mirnas.quantification.txt	Transcriptome Profiling	miRNA Expression Quantification	TCGA-LIHC	TCGA-DD-A73E	TCGA-DD-A73E-01A	Primary Tumor
1e4fe2f8-f758-4653-86f9-5f35e6b694a8	5cf6d701-7ef9-4f5f-aef3-264e1cfb279d.mirbase21.mirnas.quantification.txt	Transcriptome Profiling	miRNA Expression Quantification	TCGA-LIHC	TCGA-DD-A4NH	TCGA-DD-A4NH-01A	Primary Tumor
0f5c1ab7-f4bc-44eb-8b21-992e916aa2ab	170b2ffd-eae5-42d1-bfcd-6f5cbc6778cd.mirbase21.mirnas.quantification.txt	Transcriptome Profiling	miRNA Expression Quantification	TCGA-LIHC	TCGA-DD-AAEE	TCGA-DD-AAEE-01A	Primary Tumor
d093fc63-e67a-477a-a615-20a4455bc5b4	a151175e-11b0-4ea1-a70d-5e803ba64b1d.mirbase21.mirnas.quantification.txt	Transcriptome Profiling	miRNA Expression Quantification	TCGA-LIHC	TCGA-DD-AADB	TCGA-DD-AADB-01A	Primary Tumor
84cbd954-2d1c-44d0-aeac-fd0e3a22dbad	5b3c1508-dd1c-4b54-95f1-c37f540de214.mirbase21.mirnas.quantification.txt	Transcriptome Profiling	miRNA Expression Quantification	TCGA-LIHC	TCGA-DD-A3A7	TCGA-DD-A3A7-01A	Primary Tumor
a3ee8894-4391-46ef-b91d-c69971b974d9	b2d17e99-d35b-4bd2-87a3-f87135048fae.mirbase21.mirnas.quantification.txt	Transcriptome Profiling	miRNA Expression Quantification	TCGA-LIHC	TCGA-G3-A7M6	TCGA-G3-A7M6-01A	Primary Tumor
7df79b0a-641c-46e0-862b-25138025fff7	66485330-03b4-4028-ab51-89cfcc028998.mirbase21.mirnas.quantification.txt	Transcriptome Profiling	miRNA Expression Quantification	TCGA-LIHC	TCGA-DD-AAE3	TCGA-DD-AAE3-01A	Primary Tumor
7d050401-5d98-4524-a9f9-c4f316f5bd8b	eddf2be1-b21f-47a0-8288-41a988744f80.mirbase21.mirnas.quantification.txt	Transcriptome Profiling	miRNA Expression Quantification	TCGA-LIHC	TCGA-DD-A3A6	TCGA-DD-A3A6-11A	Solid Tissue Normal
4c4d85c1-c7e4-47ce-aa52-733f5c6152cd	4e5a770a-15c3-4869-b40a-2a6a7571c43a.mirbase21.mirnas.quantification.txt	Transcriptome Profiling	miRNA Expression Quantification	TCGA-LIHC	TCGA-2Y-A9GX	TCGA-2Y-A9GX-01A	Primary Tumor
a4e58924-24be-46ca-974c-d2940565a346	a5629ef7-79b7-4b36-8661-f0f0c5d54376.mirbase21.mirnas.quantification.txt	Transcriptome Profiling	miRNA Expression Quantification	TCGA-LIHC	TCGA-UB-A7MA	TCGA-UB-A7MA-01A	Primary Tumor
29fa69bc-c517-4c55-970b-ac5fbb4314e4	83649224-ec30-493c-80ca-b0334d1feb22.mirbase21.mirnas.quantification.txt	Transcriptome Profiling	miRNA Expression Quantification	TCGA-LIHC	TCGA-2Y-A9GV	TCGA-2Y-A9GV-01A	Primary Tumor
df7aaf7b-680a-467b-b68f-608d8a42a5e6	ce78a1cc-86d6-4cf7-8d5c-498ae9d6ba3f.mirbase21.mirnas.quantification.txt	Transcriptome Profiling	miRNA Expression Quantification	TCGA-LIHC	TCGA-DD-A11A	TCGA-DD-A11A-11A	Solid Tissue Normal
23c47c82-9400-4a4f-8353-467dcee8214b	1130990d-3295-4019-a8e2-1cc827aa76ca.mirbase21.mirnas.quantification.txt	Transcriptome Profiling	miRNA Expression Quantification	TCGA-LIHC	TCGA-DD-A3A8	TCGA-DD-A3A8-01A	Primary Tumor
e14e436d-b22d-48b7-b96d-695cf3b51ba3	c20c5f2c-d2a8-4069-91c7-b81d71fb7601.mirbase21.mirnas.quantification.txt	Transcriptome Profiling	miRNA Expression Quantification	TCGA-LIHC	TCGA-DD-A39V	TCGA-DD-A39V-01A	Primary Tumor
c86426a2-f592-4b36-8d8a-7b847b326adc	007e6b48-0d61-426e-95de-600454b93fdc.mirbase21.mirnas.quantification.txt	Transcriptome Profiling	miRNA Expression Quantification	TCGA-LIHC	TCGA-DD-AAE1	TCGA-DD-AAE1-01A	Primary Tumor
3b73adbf-d709-4971-b40c-0b0601f70dfe	6f6eef7e-83e6-41bc-b40b-d1f6c66731b2.mirbase21.mirnas.quantification.txt	Transcriptome Profiling	miRNA Expression Quantification	TCGA-LIHC	TCGA-EP-A3RK	TCGA-EP-A3RK-01A	Primary Tumor
6ddba2bf-9c56-41d8-be6f-854116263031	8b7e6354-b9aa-4d36-8809-75ff780f4452.mirbase21.mirnas.quantification.txt	Transcriptome Profiling	miRNA Expression Quantification	TCGA-LIHC	TCGA-CC-5260	TCGA-CC-5260-01A	Primary Tumor
d5dd15a2-cbe6-4ba7-9a4c-5336fb8db491	d83e165f-72b3-4b6e-b18b-881bfff3589a.mirbase21.mirnas.quantification.txt	Transcriptome Profiling	miRNA Expression Quantification	TCGA-LIHC	TCGA-DD-AADV	TCGA-DD-AADV-01A	Primary Tumor
1e810a71-0d10-4a88-a98a-34d22bb2e8fa	3cab1095-053c-4c07-92c2-05ff34e8cf39.mirbase21.mirnas.quantification.txt	Transcriptome Profiling	miRNA Expression Quantification	TCGA-LIHC	TCGA-DD-A1EG	TCGA-DD-A1EG-11A	Solid Tissue Normal
26bcd2b9-7638-4132-9882-d52071d9382e	9964e88d-3bd6-4732-83d1-47996e3edc33.mirbase21.mirnas.quantification.txt	Transcriptome Profiling	miRNA Expression Quantification	TCGA-LIHC	TCGA-CC-A5UD	TCGA-CC-A5UD-01A	Primary Tumor
8a86a684-7348-457c-8811-f876406c17b1	94cf0aec-2bff-4c96-94fc-7f79f1997dd5.mirbase21.mirnas.quantification.txt	Transcriptome Profiling	miRNA Expression Quantification	TCGA-LIHC	TCGA-DD-A3A4	TCGA-DD-A3A4-11A	Solid Tissue Normal
31f3dd9e-19dd-4f1f-9246-d467e0ace6d6	3a134229-ca4d-4f91-9b3b-924d5bb890e0.mirbase21.mirnas.quantification.txt	Transcriptome Profiling	miRNA Expression Quantification	TCGA-LIHC	TCGA-DD-A4NE	TCGA-DD-A4NE-01A	Primary Tumor
7e0263c6-fdd9-4806-a179-33901fe82c26	c3afbb5e-ca67-4066-ab1c-40da03559d36.mirbase21.mirnas.quantification.txt	Transcriptome Profiling	miRNA Expression Quantification	TCGA-LIHC	TCGA-G3-A25T	TCGA-G3-A25T-01A	Primary Tumor
3e0cc274-a0bf-4fb7-a20b-a884aa60d56d	354872f0-cdae-4c0d-8480-cdb607884751.mirbase21.mirnas.quantification.txt	Transcriptome Profiling	miRNA Expression Quantification	TCGA-LIHC	TCGA-FV-A2QR	TCGA-FV-A2QR-01A	Primary Tumor
45268e65-d6d8-4a2e-936a-969f1984ed22	49c03a76-913a-4d4a-9e90-a05e05c9471d.mirbase21.mirnas.quantification.txt	Transcriptome Profiling	miRNA Expression Quantification	TCGA-LIHC	TCGA-DD-AADK	TCGA-DD-AADK-01A	Primary Tumor
11706845-606b-48f4-8808-cd7eb55398e4	868ecf12-86ae-4c38-9e57-333bee64d530.mirbase21.mirnas.quantification.txt	Transcriptome Profiling	miRNA Expression Quantification	TCGA-LIHC	TCGA-CC-A7IG	TCGA-CC-A7IG-01A	Primary Tumor
0d4f7e7b-dcd6-4105-ad37-cb1ce250b91b	ff7cd92c-77d0-4763-b235-663374894990.mirbase21.mirnas.quantification.txt	Transcriptome Profiling	miRNA Expression Quantification	TCGA-LIHC	TCGA-2Y-A9GT	TCGA-2Y-A9GT-01A	Primary Tumor
1f376f8d-da6c-4bf7-ad52-2cacfe3ab244	95bc7f9d-12d4-41ef-b9a0-24d24c4b6a61.mirbase21.mirnas.quantification.txt	Transcriptome Profiling	miRNA Expression Quantification	TCGA-LIHC	TCGA-G3-A5SI	TCGA-G3-A5SI-01A	Primary Tumor
205af90b-65b2-45b8-bc35-c74997ebe242	0a96c3ce-15cb-4b73-9048-6456503e658f.mirbase21.mirnas.quantification.txt	Transcriptome Profiling	miRNA Expression Quantification	TCGA-LIHC	TCGA-MI-A75H	TCGA-MI-A75H-01A	Primary Tumor
4b3f128e-7f2a-4744-b15d-0f1a7564322a	aa788683-c450-4324-b955-f9c37943622b.mirbase21.mirnas.quantification.txt	Transcriptome Profiling	miRNA Expression Quantification	TCGA-LIHC	TCGA-RG-A7D4	TCGA-RG-A7D4-01A	Primary Tumor
05a7b6b3-e2d6-4320-ad01-94835426aeb6	0103c54a-8604-407a-b852-687b3d2908d0.mirbase21.mirnas.quantification.txt	Transcriptome Profiling	miRNA Expression Quantification	TCGA-LIHC	TCGA-BC-A10W	TCGA-BC-A10W-01A	Primary Tumor
43abd8fa-c7e3-498f-a8db-403a46b2d327	0dae804e-9318-4680-8839-b747282e2885.mirbase21.mirnas.quantification.txt	Transcriptome Profiling	miRNA Expression Quantification	TCGA-LIHC	TCGA-DD-A73G	TCGA-DD-A73G-01A	Primary Tumor
2f646ca9-0fa3-4a01-a7d7-e61a6719a18d	597643a7-def3-4cfe-a3d9-f7846ae93629.mirbase21.mirnas.quantification.txt	Transcriptome Profiling	miRNA Expression Quantification	TCGA-LIHC	TCGA-EP-A12J	TCGA-EP-A12J-01A	Primary Tumor
715f5e3a-2f28-44ca-bbc8-c1e3fdf1a8dc	b0c63e2f-982b-46bc-9189-e29064d1d0d4.mirbase21.mirnas.quantification.txt	Transcriptome Profiling	miRNA Expression Quantification	TCGA-LIHC	TCGA-DD-A116	TCGA-DD-A116-11A	Solid Tissue Normal
4a17cf95-d6d4-484c-80ce-7c63fcbd05ed	ffff31dd-d2f1-46d9-9af2-0d9ce312719e.mirbase21.mirnas.quantification.txt	Transcriptome Profiling	miRNA Expression Quantification	TCGA-LIHC	TCGA-2Y-A9H0	TCGA-2Y-A9H0-01A	Primary Tumor
19aca169-082b-4d27-8d75-55e47d3ce069	896c837f-0ecc-4fe2-b4c0-6e5015dd78b9.mirbase21.mirnas.quantification.txt	Transcriptome Profiling	miRNA Expression Quantification	TCGA-LIHC	TCGA-BC-A10Y	TCGA-BC-A10Y-01A	Primary Tumor
757b81dc-2e57-4a8c-9da8-5d55d612c63a	b9eb1d95-fe8a-4baa-9d57-f610c1ed5345.mirbase21.mirnas.quantification.txt	Transcriptome Profiling	miRNA Expression Quantification	TCGA-LIHC	TCGA-FV-A3R2	TCGA-FV-A3R2-11A	Solid Tissue Normal
33b47e8e-c835-4e4d-a531-eba1652f32d7	b04c6179-5e1a-4def-bc45-90558b394a21.mirbase21.mirnas.quantification.txt	Transcriptome Profiling	miRNA Expression Quantification	TCGA-LIHC	TCGA-DD-A3A3	TCGA-DD-A3A3-01A	Primary Tumor
4f17749e-03d2-451d-bc3b-7a177ad71bd5	8e03b4c8-4049-44a4-91b4-7aecd34a76e5.mirbase21.mirnas.quantification.txt	Transcriptome Profiling	miRNA Expression Quantification	TCGA-LIHC	TCGA-DD-A1EC	TCGA-DD-A1EC-11A	Solid Tissue Normal
050a903a-7994-4ae1-96c0-e06cf2522b6d	1b0766e1-f7de-44c8-ba72-0c3c086e836f.mirbase21.mirnas.quantification.txt	Transcriptome Profiling	miRNA Expression Quantification	TCGA-LIHC	TCGA-DD-A11B	TCGA-DD-A11B-01A	Primary Tumor
a4b0855d-665e-4831-996e-69537215005b	a666dd4f-cb34-44b5-97f7-b224805da718.mirbase21.mirnas.quantification.txt	Transcriptome Profiling	miRNA Expression Quantification	TCGA-LIHC	TCGA-DD-A3A3	TCGA-DD-A3A3-11A	Solid Tissue Normal
236d797d-a4c7-4790-a690-bdc96e301b3f	db6c70f9-0f91-4892-be97-ad787e722586.mirbase21.mirnas.quantification.txt	Transcriptome Profiling	miRNA Expression Quantification	TCGA-LIHC	TCGA-DD-A3A1	TCGA-DD-A3A1-11A	Solid Tissue Normal
1f30abe3-dd5e-4112-921a-e472dc4ded34	d0b6bf8b-b8b0-4d16-8c1a-4a3b3507fb14.mirbase21.mirnas.quantification.txt	Transcriptome Profiling	miRNA Expression Quantification	TCGA-LIHC	TCGA-DD-A39V	TCGA-DD-A39V-11A	Solid Tissue Normal
444c397d-893e-49bd-8390-514889579493	27e7d519-6ec2-4f9d-8f95-3f89ff5a7382.mirbase21.mirnas.quantification.txt	Transcriptome Profiling	miRNA Expression Quantification	TCGA-LIHC	TCGA-FV-A2QQ	TCGA-FV-A2QQ-01A	Primary Tumor
d9403ac8-1796-4d8a-9bd6-2eb1164aefb4	5eb4d768-57c9-4ae6-8ad0-fdec9cb5ddc0.mirbase21.mirnas.quantification.txt	Transcriptome Profiling	miRNA Expression Quantification	TCGA-LIHC	TCGA-DD-AADP	TCGA-DD-AADP-01A	Primary Tumor
fce7b656-69e2-4773-9c9a-3d29f31174cf	361b95f8-ca60-4407-9e47-e10b62ffd0a6.mirbase21.mirnas.quantification.txt	Transcriptome Profiling	miRNA Expression Quantification	TCGA-LIHC	TCGA-BC-A110	TCGA-BC-A110-01A	Primary Tumor
ffbb9f4b-78cb-42e0-b779-e47021fa50a4	40e8a612-65e5-4fcd-b836-879510c5dfaf.mirbase21.mirnas.quantification.txt	Transcriptome Profiling	miRNA Expression Quantification	TCGA-LIHC	TCGA-DD-A1EL	TCGA-DD-A1EL-11A	Solid Tissue Normal
8ae2baa8-39a6-4a7d-9b53-c344e78e74ff	f48e205c-4a87-4bbc-af09-75836ab10605.mirbase21.mirnas.quantification.txt	Transcriptome Profiling	miRNA Expression Quantification	TCGA-LIHC	TCGA-ZP-A9CZ	TCGA-ZP-A9CZ-01A	Primary Tumor
0b66effa-9077-416e-9563-1fad332f9a2d	87c8870e-e6a4-4872-8a22-9a52739cbd63.mirbase21.mirnas.quantification.txt	Transcriptome Profiling	miRNA Expression Quantification	TCGA-LIHC	TCGA-DD-A118	TCGA-DD-A118-11A	Solid Tissue Normal
832a42f9-7d5c-4e96-a3dc-b0f5b639f57b	37be4551-2938-4c1b-906b-396a8ba94095.mirbase21.mirnas.quantification.txt	Transcriptome Profiling	miRNA Expression Quantification	TCGA-LIHC	TCGA-ZS-A9CF	TCGA-ZS-A9CF-01A	Primary Tumor
760b3d70-d9c2-4b7c-a24b-9ac87e2cb81b	78f528c8-f036-4aca-b1bd-26e96e8ecdbc.mirbase21.mirnas.quantification.txt	Transcriptome Profiling	miRNA Expression Quantification	TCGA-LIHC	TCGA-5R-AA1D	TCGA-5R-AA1D-01A	Primary Tumor
